insert into groups (id, title, date_of_start, date_of_end, description, image)
values (1, 'java1', '2024/04/03', '2025-04-09', 'Excision of Left Cephalic Vein, Open Approach',
        '1716539820995_1.web');
insert into groups (id, title, date_of_start, date_of_end, description, image)
values (2, 'java2', '2024/04/06', '2025-04-09',
        'Drainage of Bilateral Breast with Drainage Device, Via Natural or Artificial Opening',
        '1716539845253_2.jpeg');
insert into groups (id, title, date_of_start, date_of_end, description, image)
values (3, 'java3', '2024/04/03', '2025-04-09', 'Drainage of Right Upper Femur, Percutaneous Approach',
        '1716539866725_3.png');
insert into groups (id, title, date_of_start, date_of_end, description, image)
values (4, 'java4', '2024/04/03', '2025-04-09',
        'Bypass Left Brachial Artery to Upper Arm Vein with Autologous Venous Tissue, Open Approach',
        '1716539878985_4.jpeg');
insert into groups (id, title, date_of_start, date_of_end, description, image)
values (5, 'java5', '2024/04/07', '2025-04-09', 'Release Left Mastoid Sinus, Percutaneous Endoscopic Approach',
        '1716539892179_5.jpeg');
insert into groups (id, title, date_of_start, date_of_end, description, image)
values (6, 'java6', '2024/04/04', '2025-04-09', 'Replacement of Nose with Synthetic Substitute, Open Approach',
        '1716539905096_6.webp');
insert into groups (id, title, date_of_start, date_of_end, description, image)
values (7, 'java7', '2024/04/04', '2025-04-09', 'Extirpation of Matter from Right External Ear, Percutaneous Approach',
        '1716539921060_7.jpeg');
insert into groups (id, title, date_of_start, date_of_end, description, image)
values (8, 'java8', '2024/04/04', '2025-04-09', 'Destruction of Right Elbow Bursa and Ligament, Percutaneous Approach',
        '1716539933430_12.jpeg');
insert into groups (id, title, date_of_start, date_of_end, description, image)
values (9, 'java9', '2024/04/07', '2025-04-09',
        'Bypass Right Hand Vein to Upper Vein, Percutaneous Endoscopic Approach',
        '1716539947080_13.jpeg');
insert into groups (id, title, date_of_start, date_of_end, description, image)
values (10, 'java10', '2024/04/04', '2025-04-09', 'Restriction of Cecum with Extraluminal Device, Open Approach',
        '1716542983753_images (18).jpeg');
insert into groups (id, title, date_of_start, date_of_end, description, image)
values (11, 'js1', '2024/04/05', '2025-04-09',
        'Dilation of Hymen with Intraluminal Device, Via Natural or Artificial Opening Endoscopic',
        '1716539962996_14.jpeg');
insert into groups (id, title, date_of_start, date_of_end, description, image)
values (12, 'js2', '2024/04/03', '2025-04-09', 'Hyperthermia of Bile Ducts',
        '1716539978479_15.jpeg');
insert into groups (id, title, date_of_start, date_of_end, description, image)
values (13, 'js3', '2024/04/03', '2025-04-09', 'Dilation of Right Foot Artery, Percutaneous Approach',
        '1716543169603_16.jpeg');
insert into groups (id, title, date_of_start, date_of_end, description, image)
values (14, 'js4', '2024/04/06', '2025-04-09',
        'Introduction of Other Gas into Epidural Space, Via Natural or Artificial Opening',
        '1716539997681_16.jpeg');
insert into groups (id, title, date_of_start, date_of_end, description, image)
values (15, 'js5', '2024/04/05', '2025-04-09',
        'Revision of Internal Fixation Device in Left Femoral Shaft, Percutaneous Approach',
        '1716540010423_17.jpeg');
insert into groups (id, title, date_of_start, date_of_end, description, image)
values (16, 'js6', '2024/04/03', '2025-04-09',
        'Introduction of Radioactive Substance into Biliary and Pancreatic Tract, Percutaneous Approach',
        '1716540024320_18.jpeg');
insert into groups (id, title, date_of_start, date_of_end, description, image)
values (17, 'js7', '2024/04/07', '2025-04-09', 'Beam Radiation of Mandible using Electrons',
        '1716540042946_19.jpeg');
insert into groups (id, title, date_of_start, date_of_end, description, image)
values (18, 'js8', '2024/04/04', '2025-04-09', 'Excision of Hypoglossal Nerve, Percutaneous Endoscopic Approach',
        '1716540058273_20.png');
insert into groups (id, title, date_of_start, date_of_end, description, image)
values (19, 'js9', '2024/04/03', '2025-04-09', 'Drainage of Right Conjunctiva, External Approach, Diagnostic',
        '1716540077306_21.webp');
insert into groups (id, title, date_of_start, date_of_end, description, image)
values (20, 'js10', '2024/04/08', '2025-04-09', 'Revision of Synthetic Substitute in Left Patella, Open Approach',
        '1716540091997_22.png');

insert into users (id, full_name, email, password, role, block, phone_number)
values (1, 'AdminLms Admin', 'peaksoftjava12@gmail.com', '$2a$12$ETwPTjTxa5o8Rok7TSqLmeex/cRtWSfMXYtlQ1DQTChy5DkXwzgHK', 'ADMIN',
        'FALSE', '+996');
insert into users (id, full_name, email, password, role, block, phone_number)
values (2, 'Nurkamil Kamchiev', 'nurkamilkamchiev@gmail.com',
        '$2a$12$C7tCVrsJMMUlQZ2x3/drp.r2OdntFYaL9OJ8cK2KVde8myUAF5xlm', 'INSTRUCTOR', 'FALSE', '+996500965456');
insert into users (id, full_name, email, password, role, block, phone_number)
values (3, 'Gulumkan Uson kyzy', 'gulumkanusonkyzy@gmail.com',
        '$2a$12$MD5QVCndF1mscnMee159Ie9tMepgxIkMi4YTKfhbQ.zdda2Y/7djy',
        'INSTRUCTOR', 'FALSE', '+996700768594');
insert into users (id, full_name, email, password, role, block, phone_number)
values (4, 'Nurmuhemmed Medetov', 'numuhammedmedetov@gmail.com',
        '$2a$12$RlpZBZT7728MsSIknrcKdeB6mqKTnx1mqqj4nT8D.N8pKvkssI//6',
        'INSTRUCTOR', 'FALSE', '+996706584876');
insert into users (id, full_name, email, password, role, block, phone_number)
values (5, 'Myrzaim Keldibekova', 'myrzaimkeldibekova1@gmail.com',
        '$2a$12$rKIEoRrBw7kwM0k/pY21ieWZRYLj.ZFw5m0qbERx42VX8ACJ53wd2',
        'INSTRUCTOR', 'FALSE', '+99650954372');
insert into users (id, full_name, email, password, role, block, phone_number)
values (6, 'Mirlan Arstanbekov', 'ajybeksadykov@gmail.com',
        '$2a$12$Xgt6xp8zsYkscn9R/miNV.5uTCcsywSEuIUMAFwTLLun27vOs1oAO',
        'INSTRUCTOR', 'FALSE', '+996506981197');
insert into users (id, full_name, email, password, role, block, phone_number)
values (7, 'Aliaskar Temirbekov', 'janybekovich798@gmail.com',
        '$2a$12$rcqtlouHd0tOW/rh3s3Yh.42xwKIQB5LxI7iJ0XsJ2iGH9mOjCS6S',
        'INSTRUCTOR', 'FALSE', '+996705110999');
insert into users (id, full_name, email, password, role, block, phone_number)
values (8, 'Karina Bokombaeva', 'sadykovajybek@gmail.com',
        '$2a$12$UJjmvKRk3sgJyqYf60ev2OiZT8sQMMXgb7gkuEC9iXGSqIoyCsN/6',
        'INSTRUCTOR', 'FALSE', '+996702093354');
insert into users (id, full_name, email, password, role, block, phone_number)
values (9, 'Alisher Keneshov', 'ajybek20@gmail.com', '$2a$12$7ipVz6B3AeceynjyEILlq.7uyrgwS7VSD8VtYJUfpo8hlOB9bXSwW',
        'INSTRUCTOR', 'FALSE', '+996703091232');
insert into users (id, full_name, email, password, role, block, phone_number)
values (10, 'Erbol Jakypov', 'ntoygonbaev098@gmail.com', '$2a$12$hSKMT93zcjionKdGF.WnX..RQIBhlDNtHkuHACNN8faaH6c.geNbS',
        'INSTRUCTOR', 'FALSE', '+996502091108');
insert into users (id, full_name, email, password, role, block, phone_number)
values (11, 'Erbol Aidarbekov', 'kylychbekovsanjar270@gmail.com',
        '$2a$12$1Y5e2OAQeAJEPBFWlfrWn.CanIgJ3y8tEtOaY02mcefmB6H/Lmw4O',
        'INSTRUCTOR', 'FALSE', '+996505675438');
insert into users (id, full_name, email, password, role, block, phone_number)
values (12, 'Adilet Artykov', 'nurajymrakatova@gmail.com',
        '$2a$12$b2zwtNiDybwezagVKcUh1O3ycj6IwKBWTgam9d188916hhchp4FJ2',
        'INSTRUCTOR', 'FALSE', '+996990085547');
insert into users (id, full_name, email, password, role, block, phone_number)
values (13, 'Erzhan Sagyndykov', 'rakatova.n@gmail.com', '$2a$12$aWJOsg4LsVKoxIbrS1QR9.NiKEJM5MSnLn0KA4Ys/EwVxqVC1j4xK',
        'INSTRUCTOR', 'FALSE', '+996999652884');
insert into users (id, full_name, email, password, role, block, phone_number)
values (14, 'Daulet Alimbekov', 'rakkatova05@gmail.com', '$2a$12$ytZVnRtlf0pCgYUwu0YNA.anxfVwAHH8KvLvxflXYTnLUFVPPxWU.',
        'INSTRUCTOR', 'FALSE', '+996909764875');
insert into users (id, full_name, email, password, role, block, phone_number)
values (15, 'Nurbol Melisbekov', 'nurlanuuluesentur@gmail.com',
        '$2a$12$yYMGDyuxuILH3yX8RTZrsOrIAj5iJG2pAHtvAHa./0LwqOjViV1EW',
        'INSTRUCTOR', 'FALSE', '+996502098875');
insert into users (id, full_name, email, password, role, block, phone_number)
values (16, 'Alinur Taalaibekov', 'temiralievnurgazy07@gmail.com',
        '$2a$12$3u6vDNnC13vYMCtrhKEq6e3T1oruwv6SyLDz9zmViets.ixJiHohq',
        'INSTRUCTOR', 'FALSE', '+996555986574');
insert into users (id, full_name, email, password, role, block, phone_number)
values (17, 'Almir Kambarbekov', 'arslansaparbekov18@gmail.com',
        '$2a$12$Jf1kFLPTuBr1UnNBNVy/ceyxCJeABlFTDiNtmq4c/Yahq9KMFfPeC',
        'INSTRUCTOR', 'FALSE', '+9965020912107');
insert into users (id, full_name, email, password, role, block, phone_number)
values (18, 'ibragim Mahmudov', 'ibragimmahmudov59@gmail.com',
        '$2a$12$xyhaIFDPI5S9htRTERRuoeKoQG4C/KTKL1PKij1PizLi4amzppLnm',
        'INSTRUCTOR', 'TRUE', '+996706870391');
insert into users (id, full_name, email, password, role, block, phone_number)
values (19, 'Keldibek Sadykov', 'asrlanataalaibekova.0@gmail.com@gmail.com',
        '$2a$12$jf/HTUVJXus9O13X6Cer8eAUAThuot8t0nweqQ4a3M35kfkgZaV36',
        'INSTRUCTOR', 'FALSE', '+996509867546');
insert into users (id, full_name, email, password, role, block, phone_number)
values (20, 'Adilet Aibekov', 'toktogulovanurzanat@gmail.com@gmail.com',
        '$2a$12$7czzoB5mJOjzo38F2mQf.etrXOwngkovaxPZip/E8XP1pxX1mZes.',
        'INSTRUCTOR', 'FALSE', '+996703857463');
insert into users (id, full_name, email, password, role, block, phone_number)
values (21, 'Jigit Turumbekov', 'muhammedtoichubai@gmail.com', '$2a$12$.SAqQkou.qDYE7j.R6B0P.weM5LG1Kh7eRFV2FluwmlkNBnTcKbWO',
        'STUDENT', 'FALSE', '+996709546327');
insert into users (id, full_name, email, password, role, block, phone_number)
values (22, 'Urmat Taichikov', 'kydyrmysovnursultan@gmail.com@gmail.com',
        '$2a$12$bPSakcM.R4v1I9EUnivsru5U3FQd3rsunIciIquXGdDxKGt04F9iy',
        'STUDENT', 'FALSE', '+996705098658');
insert into users (id, full_name, email, password, role, block, phone_number)
values (23, 'Kandybek Muktarbekov', 'kandy@gmail.comu', '$2a$12$6mWsYumjW59IxENq.aLUS.le5eZu1MX00QJZXxcRygxAFzwYqcI/2',
        'STUDENT', 'FALSE', '+996709665873');
insert into users (id, full_name, email, password, role, block, phone_number)
values (24, 'Atai Turatbekov', 'mamatovkadyrdin2@gmail.com@gmail.com',
        '$2a$12$9R/fTNQFx0TA9WWx/NNnWOt8YuJb6xlUqmM5Pbn7V5QGUufNLmaQi',
        'STUDENT', 'FALSE', '+996502098879');
insert into users (id, full_name, email, password, role, block, phone_number)
values (25, 'Joki Kalganbekov', 'zaripberkursanov@gmail.com',
        '$2a$12$lYYmyIfjZlZqzkitRUDRzOD9W66dKgTaE2fS8OgjjqFLT4XPX2iii',
        'STUDENT', 'FALSE', '+996500789605');
insert into users (id, full_name, email, password, role, block, phone_number)
values (26, 'Nazima Abdyldabekova', 'erlanmamaraimov271@gmail.com',
        '$2a$12$pQNkd16mxImQPXKe6O7ee.Gqxk3itQaKDd10Yl/CmVpQxHIDGqA.G',
        'STUDENT', 'FALSE', '+996707092454');
insert into users (id, full_name, email, password, role, block, phone_number)
values (27, 'Yryskeldi Apyshov', 'ismailovamantur22@gmail.com',
        '$2a$12$Z5Em0jmo5vSRRPpR3fZ0Sukc9NlTVbMMChDEVRZgh9niY0eYN5qba',
        'STUDENT', 'TRUE', '+996775648334');
insert into users (id, full_name, email, password, role, block, phone_number)
values (28, 'Adis Suiunbekov', 'ismailovamantur46@gmail.com',
        '$2a$12$ZbjeQuP/n2di6uFjVh4hVes/BfQ0O8f3/4yN/y820XwZou92vlvq2',
        'STUDENT', 'TRUE', '+996500098673');
insert into users (id, full_name, email, password, role, block, phone_number)
values (29, 'Roi Jons', 'duisheevvva@gmail.com', '$2a$12$3BdbeJxi.Syg2Yhpqymdwu50tfM8LFKeUcIL4FGYvkPt0LGht4Sv6',
        'STUDENT',
        'FALSE', '+996708675936');
insert into users (id, full_name, email, password, role, block, phone_number)
values (30, 'Tony Ferguson', 'duisheevva@gmail.com', '$2a$12$RU6SLTuwLkWm50L01f8C7u9w.eBHNv1VkFdq3yn31V189bBcCEv/a',
        'STUDENT', 'FALSE', '+996703746352');
insert into users (id, full_name, email, password, role, block, phone_number)
values (31, 'Khabib Nurmagamedov', 'mamatzhanova.datka@gmail.com',
        '$2a$12$5a1eLBny666DX3goDpVkHO7jdUmmhHsXFyQhD/uQ4GoziA0F6nM2m',
        'STUDENT', 'TRUE', '+99501099999');
insert into users (id, full_name, email, password, role, block, phone_number)
values (32, 'Leonel Messi', 'datkascnu@gmail.com', '$2a$12$mfXc14QklGDIA.UpG1FA4Oh6o5xlxkjuS4Qhhet.8bQRKP6hTH10q',
        'STUDENT', 'TRUE', '+996777654321');
insert into users (id, full_name, email, password, role, block, phone_number)
values (33, 'Cristiano Ronaldo', 'dmamatzhanova@gmail.com',
        '$2a$12$s76GqjOeMQaTjLHjThj9tOBSbHsP4K5N6k0x0UQIZ2QZWz25xTSdi',
        'STUDENT', 'FALSE', '+996503456789');
insert into users (id, full_name, email, password, role, block, phone_number)
values (34, 'Tony Cross', 'datkamamatzhanova@gmail.com', '$2a$12$4n6nwYIlgebrSe6ThF1kveriMOCk2We2rzyBIbjiMsiNM2jramCP.',
        'STUDENT',
        'FALSE', '+996701222333');
insert into users (id, full_name, email, password, role, block, phone_number)
values (35, 'Luka Modric', 'tasktracker-b6@gmail.com', '$2a$12$fvN2gyvjn9HwP3rJ0xDtHexSwabG79XvvFEKlianVW9r32/pgs5Z2',
        'STUDENT', 'FALSE', '+996777888999');
insert into users (id, full_name, email, password, role, block, phone_number)
values (36, 'Kylian Mbappe', 'avazbekovedi@gmail.com', '$2a$12$YNaX7i90NQ53PFWwNYQeU.3Q0HvqT/JupM3BM4zz1hMYlWnpSqD9C',
        'STUDENT', 'FALSE', '+996555666777');
insert into users (id, full_name, email, password, role, block, phone_number)
values (37, 'Muhammad Salah', 'avazbekuulueldiar5@gmail.com',
        '$2a$12$w.YvDtJVDSXiZUZuVBK5uulN8RY6JxDTb4Rp9XN4tvxkyOqcQvgSq',
        'STUDENT', 'FALSE', '+996503444555');
insert into users (id, full_name, email, password, role, block, phone_number)
values (38, 'Nurlan Abibillaev', 'bertur112211@gmail.com',
        '$2a$12$e6/wFtQ6gOIoLjJijytQ.eL1.Mf/oDxuF/PO/DfQKzwbHn.Wk9M0.',
        'STUDENT', 'FALSE', '+996502333443');
insert into users (id, full_name, email, password, role, block, phone_number)
values (39, 'Nurislam Toigumbaev', 'nurtilekjava@gmail.com',
        '$2a$12$BPYHCZBl4VzSJzT2.PrQ0uOL8njaALelNJabRuVb1TKTS5lpjlDqy',
        'STUDENT', 'TRUE', '+996503094543');
insert into users (id, full_name, email, password, role, block, phone_number)
values (40, 'Elebesov Muktar', 'tolomushevadyl4@gmail.com',
        '$2a$12$83AaAyoXvfEuEmRzUcpVAucI.QIxyV8MaTiJWDexZODjzLu5yYIQW',
        'STUDENT', 'FALSE', '+996707174093');

insert into students (id, user_id, study_format, group_id, created_at)
values (1, 21, 'OFFLINE', 1, '2024-4-12');
insert into students (id, user_id, study_format, group_id, created_at)
values (2, 22, 'ONLINE', 1, '2024-4-12');
insert into students (id, user_id, study_format, group_id, created_at)
values (3, 23, 'OFFLINE', 1, '2024-4-12');
insert into students (id, user_id, study_format, group_id, created_at)
values (4, 24, 'OFFLINE', 1, '2024-4-12');
insert into students (id, user_id, study_format, group_id, created_at)
values (5, 25, 'ONLINE', 2, '2024-4-12');
insert into students (id, user_id, study_format, group_id, created_at)
values (6, 26, 'OFFLINE', 2, '2024-4-12');
insert into students (id, user_id, study_format, group_id, created_at)
values (7, 27, 'OFFLINE', 2, '2024-4-12');
insert into students (id, user_id, study_format, group_id, created_at)
values (8, 28, 'OFFLINE', 2, '2024-4-12');
insert into students (id, user_id, study_format, group_id, created_at)
values (9, 29, 'OFFLINE', 3, '2024-4-12');
insert into students (id, user_id, study_format, group_id, created_at)
values (10, 30, 'ONLINE', 3, '2024-4-12');
insert into students (id, user_id, study_format, group_id, created_at)
values (11, 31, 'OFFLINE', 3, '2024-4-12');
insert into students (id, user_id, study_format, group_id, created_at)
values (12, 32, 'OFFLINE', 3, '2024-4-12');
insert into students (id, user_id, study_format, group_id, created_at)
values (13, 33, 'ONLINE', 4, '2024-4-12');
insert into students (id, user_id, study_format, group_id, created_at)
values (14, 34, 'OFFLINE', 4, '2024-4-12');
insert into students (id, user_id, study_format, group_id, created_at)
values (15, 35, 'OFFLINE', 4, '2024-4-12');
insert into students (id, user_id, study_format, group_id, created_at)
values (16, 36, 'OFFLINE', 4, '2024-4-12');
insert into students (id, user_id, study_format, group_id, created_at)
values (17, 37, 'OFFLINE', 5, '2024-4-12');
insert into students (id, user_id, study_format, group_id, created_at)
values (18, 40, 'ONLINE', 5, '2024-4-12');
insert into students (id, user_id, study_format, group_id, created_at)
values (19, 38, 'ONLINE', 5, '2024-4-12');
insert into students (id, user_id, study_format, group_id, created_at)
values (20, 39, 'ONLINE', 5, '2024-4-12');

insert into instructors (id, specialization, created_at, user_id)
values (1, 'java', '2024/04/07', 20);
insert into instructors (id, specialization, created_at, user_id)
values (2, 'javaScript', '2024/04/04', 2);
insert into instructors (id, specialization, created_at, user_id)
values (3, 'java', '2024/04/06', 3);
insert into instructors (id, specialization, created_at, user_id)
values (4, 'java', '2024/04/07', 4);
insert into instructors (id, specialization, created_at, user_id)
values (5, 'java', '2024/04/05', 5);
insert into instructors (id, specialization, created_at, user_id)
values (6, 'java', '2024/04/07', 6);
insert into instructors (id, specialization, created_at, user_id)
values (7, 'javaScript', '2024/04/04', 7);
insert into instructors (id, specialization, created_at, user_id)
values (8, 'javaScript', '2024/04/06', 8);
insert into instructors (id, specialization, created_at, user_id)
values (9, 'javaScript', '2024/04/03', 9);
insert into instructors (id, specialization, created_at, user_id)
values (10, 'java', '2024/04/08', 10);
insert into instructors (id, specialization, created_at, user_id)
values (11, 'java', '2024/04/03', 11);
insert into instructors (id, "specialization", created_at, user_id)
values (12, 'flutter', '2024/04/05', 12);
insert into instructors (id, specialization, created_at, user_id)
values (13, 'java', '2024/04/03', 13);
insert into instructors (id, specialization, created_at, user_id)
values (14, 'javaScript', '2024/04/06', 14);
insert into instructors (id, specialization, created_at, user_id)
values (15, 'java', '2024/04/06', 15);
insert into instructors (id, specialization, created_at, user_id)
values (16, 'javaScript', '2024/04/05', 16);
insert into instructors (id, specialization, created_at, user_id)
values (17, 'flutter', '2024/04/05', 17);
insert into instructors (id, specialization, created_at, user_id)
values (18, 'javaScript', '2024/04/08', 18);
insert into instructors (id, specialization, created_at, user_id)
values (19, 'javaScript', '2024/04/04', 19);

insert into courses (id, title, date_of_start, date_of_end, description, image)
values (1, 'java1', '2024/04/08', '2025-04-09',
        'Dilation of Innominate Artery with Two Drug-eluting Intraluminal Devices, Open Approach',
        '1716540091997_22.png');
insert into courses (id, title, date_of_start, date_of_end, description, image)
values (2, 'java2', '2024/04/07', '2025-04-09', 'Immobilization of Left Toe using Brace',
        '1716540135695_23.jpeg');
insert into courses (id, title, date_of_start, date_of_end, description, image)
values (3, 'java3', '2024/04/04', '2025-04-09', 'Release Right Patella, Percutaneous Endoscopic Approach',
        '1716540152436_20.png');
insert into courses (id, title, date_of_start, date_of_end, description, image)
values (4, 'java4', '2024/04/06', '2025-04-09', 'Occlusion of Left Internal Mammary Artery, Percutaneous Approach',
        '1716540168554_19.jpeg');
insert into courses (id, title, date_of_start, date_of_end, description, image)
values (5, 'java5', '2024/04/07', '2025-04-09', 'Resection of Right Ethmoid Sinus, Percutaneous Endoscopic Approach',
        '1716540180877_18.jpeg');
insert into courses (id, title, date_of_start, date_of_end, description, image)
values (6, 'java6', '2024/04/07', '2025-04-09',
        'Revision of Internal Fixation Device in Lumbar Vertebral Joint, Open Approach',
        '1716540198007_17.jpeg');
insert into courses (id, title, date_of_start, date_of_end, description, image)
values (7, 'java7', '2024/04/04', '2025-04-09', 'Fragmentation in Spinal Canal, Percutaneous Approach',
        '1716540212139_16.jpeg');
insert into courses (id, title, date_of_start, date_of_end, description, image)
values (8, 'java8', '2024/04/05', '2025-04-09',
        'Revision of Autologous Tissue Substitute in Lower Tendon, External Approach',
        '1716540229002_15.jpeg');
insert into courses (id, title, date_of_start, date_of_end, description, image)
values (9, 'java9', '2024/04/06', '2025-04-09', 'Dilation of Left External Carotid Artery, Bifurcation, Open Approach',
        '1716540244213_14.jpeg');
insert into courses (id, title, date_of_start, date_of_end, description, image)
values (10, 'java10', '2024/04/08', '2025-04-09',
        'Fusion of Right Acromioclavicular Joint with Synthetic Substitute, Percutaneous Endoscopic Approach',
        '1716540263326_13.jpeg');
insert into courses (id, title, date_of_start, date_of_end, description, image)
values (11, 'js1', '2024/04/05', '2025-04-09', 'Repair Right Innominate Vein, Percutaneous Endoscopic Approach',
        '1716540282535_12.jpeg');
insert into courses (id, title, date_of_start, date_of_end, description, image)
values (12, 'js2', '2024/04/03', '2025-04-09',
        'Bypass Ileum to Cutaneous with Synthetic Substitute, Percutaneous Endoscopic Approach',
        '1716540301828_7.jpeg');
insert into courses (id, title, date_of_start, date_of_end, description, image)
values (13, 'js3', '2024/04/06', '2025-04-09',
        'Revision of Drainage Device in Tracheobronchial Tree, Percutaneous Endoscopic Approach',
        '1716540319283_6.webp');
insert into courses (id, title, date_of_start, date_of_end, description, image)
values (14, 'js4', '2024/04/07', '2025-04-09',
        'Removal of Synthetic Substitute from Right Carpal Joint, Percutaneous Approach',
        '1716540336486_5.jpeg');
insert into courses (id, title, date_of_start, date_of_end, description, image)
values (15, 'js5', '2024/04/06', '2025-04-09', 'Supplement Vagina with Synthetic Substitute, External Approach',
        '1716540353632_4.jpeg');
insert into courses (id, title, date_of_start, date_of_end, description, image)
values (16, 'js6', '2024/04/07', '2025-04-09',
        'Bypass Coronary Artery, One Artery from Abdominal Artery with Autologous Arterial Tissue, Open Approach',
        '1716540368447_3.png');
insert into courses (id, title, date_of_start, date_of_end, description, image)
values (17, 'js7', '2024/04/05', '2025-04-09', 'Excision of Right Foot, Open Approach, Diagnostic',
        '1716540381272_2.jpeg');
insert into courses (id, title, date_of_start, date_of_end, description, image)
values (18, 'js8', '2024/04/06', '2025-04-09', 'Drainage of Upper Vein, Percutaneous Approach, Diagnostic',
        '1716540415806_16.jpeg');
insert into courses (id, title, date_of_start, date_of_end, description, image)
values (19, 'js9', '2024/04/04', '2025-04-09',
        'Bypass Coronary Artery, Four or More Arteries from Coronary Artery with Autologous Arterial Tissue, Open Approach',
        '1716540428527_19.jpeg');
insert into courses (id, title, date_of_start, date_of_end, description, image)
values (20, 'js10', '2024/04/06', '2025-04-09', 'Drainage of Sacrococcygeal Joint, Open Approach, Diagnostic',
        '1716540447281_6.jpeg');

insert into lessons (id, title, created_at, course_id)
values (1, 'java1', '2024/04/05', 1);
insert into lessons (id, title, created_at, course_id)
values (2, 'java2', '2024/04/06', 1);
insert into lessons (id, title, created_at, course_id)
values (3, 'java3', '2024/04/03', 1);
insert into lessons (id, title, created_at, course_id)
values (4, 'java4', '2024/04/03', 1);
insert into lessons (id, title, created_at, course_id)
values (5, 'java5', '2024/04/03', 2);
insert into lessons (id, title, created_at, course_id)
values (6, 'java6', '2024/04/07', 2);
insert into lessons (id, title, created_at, course_id)
values (7, 'java7', '2024/04/05', 2);
insert into lessons (id, title, created_at, course_id)
values (8, 'java8', '2024/04/07', 2);
insert into lessons (id, title, created_at, course_id)
values (9, 'java9', '2024/04/03', 3);
insert into lessons (id, title, created_at, course_id)
values (10, 'java10', '2024/04/08', 3);
insert into lessons (id, title, created_at, course_id)
values (11, 'js1', '2024/04/06', 3);
insert into lessons (id, title, created_at, course_id)
values (12, 'js2', '2024/04/07', 3);
insert into lessons (id, title, created_at, course_id)
values (13, 'js3', '2024/04/03', 4);
insert into lessons (id, title, created_at, course_id)
values (14, 'js4', '2024/04/06', 4);
insert into lessons (id, title, created_at, course_id)
values (15, 'js5', '2024/04/03', 4);
insert into lessons (id, title, created_at, course_id)
values (16, 'js6', '2024/04/04', 4);
insert into lessons (id, title, created_at, course_id)
values (17, 'js7', '2024/04/07', 5);
insert into lessons (id, title, created_at, course_id)
values (18, 'js8', '2024/04/05', 5);
insert into lessons (id, title, created_at, course_id)
values (19, 'js9', '2024/04/08', 5);
insert into lessons (id, title, created_at, course_id)
values (20, 'js10', '2024/04/03', 5);

insert into links (id, title, url)
values (1, 'java1', 'https://diigo.com/odio/elementum/eu.jpg?mauris=volutpat&laoreet=erat&ut=quisque&rhoncus=erat&al');
insert into links (id, title, url)
values (2, 'java2',
        'https://goodreads.com/dis.png?dis=eleifend&parturient=quam&montes=a&nascetur=odio&ridiculus=in&mus=hac&etiam=');
insert into links (id, title, url)
values (3, 'java3',
        'https://over-blog.com/ut/erat/curabitur.jsp?integer=nibh&a=in&nibh=quis&in=justo&quis=maecenas&justo=rhoncus&mae');
insert into links (id, title, url)
values (4, 'java4',
        'https://histats.com/aenean/fermentum.json?ante=proin&ipsum=leo&primis=odio&in=porttitor&faucibus=id&orci=consequat&luct');
insert into links (id, title, url)
values (5, 'java5',
        'https://friendfeed.com/id/nisl/venenatis/lacinia.js?aliquet=aliquam&pulvinar=erat&sed=volutpat&nisl=in&nunc=congue&rhoncus=etia');
insert into links (id, title, url)
values (6, 'java6',
        'https://discovery.com/eget/vulputate/ut.jpg?ut=nulla&rhoncus=dapibus&aliquet=dolor&pulvinar=vel&sed=est&nisl=donec&nunc');
insert into links (id, title, url)
values (7, 'java7',
        'https://tamu.edu/ligula/pellentesque.xml?nunc=dui&proin=vel&at=nisl&turpis=duis&a=ac&pede=nibh&posuere=fusce&nonummy=lacus&');
insert into links (id, title, url)
values (8, 'java8',
        'https://springer.com/eget/tincidunt/eget.png?sapien=morbi&varius=vestibulum&ut=velit&blandit=id&non=pretium&interdum=iac');
insert into links (id, title, url)
values (9, 'java9',
        'https://who.int/duis/bibendum/felis/sed/interdum/venenatis.html?luctus=cubilia&et=curae&ultrices=nulla&posuere=dapibus');
insert into links (id, title, url)
values (10, 'java10',
        'https://auda.org.au/nonummy.html?est=habitasse&lacinia=platea&nisi=dictumst&venenatis=morbi&tristique=vestibulum');
insert into links (id, title, url)
values (11, 'js1',
        'https://goodreads.com/ligula/suspendisse/ornare/consequat/lectus/in.jpg?arcu=justo&sed=aliquam&augue=quis&aliquam=turpis&erat=eget&volutpat=elit&in=sodales&congue=scelerisque&etiam=mauris&justo=sit&etiam=amet&pre');
insert into links (id, title, url)
values (12, 'js2',
        'https://jimdo.com/gravida/nisi/at/nibh/in.xml?ac=nisl&est=nunc&lacinia=nisl&nisi=duis&venenatis=bibendum&tristique=felis&fusce=sed&congue=interdum&diam=');
insert into links (id, title, url)
values (13, 'js3',
        'https://smugmug.com/sed/vestibulum/sit/amet.html?feugiat=curae&non=donec&pretium=pharetra&quis=magna&lectus=vestibulum&suspendisse=aliqu');
insert into links (id, title, url)
values (14, 'js4',
        'https://engadget.com/volutpat/eleifend/donec/ut/dolor/morbi.html?est=faucibus&phasellus=orci&sit=luctus&amet=et&erat=ultrices&nulla=pos');
insert into links (id, title, url)
values (15, 'js5',
        'https://amazon.de/fringilla.xml?dui=fusce&vel=congue&sem=diam&sed=id&sagittis=ornare&nam=imperdiet&congue=sapien&risus=urna&semper=pretium&porta=nisl&volutpat=');
insert into links (id, title, url)
values (16, 'js6',
        'https://noaa.gov/nulla.html?volutpat=a&sapien=feugiat&arcu=et&sed=em&ut=erat&erat=volutpat&id=in&mauris=congue&vulputate=etiam&elementum=justo&nullam=etiam&varius=pretium');
insert into links (id, title, url)
values (17, 'js7', 'https://imdb.com/sed/accumsan/felis/ut/at/dolor/quis.json?mauris');
insert into links (id, title, url)
values (18, 'js8', 'https://cdc.gov/ac.html?morbi=ut&quis=massa&tortor=volutpat&id=convallis&nulla=morbi&ultrices');
insert into links (id, title, url)
values (19, 'js9',
        'https://archive.org/nulla/tellus.png?lectus=sed&suspendisse=justo&potenti=pellentesque&in=viverra&eleifend=pm=potenti');
insert into links (id, title, url)
values (20, 'js10',
        'https://tamu.edu/non/lectus/aliquam/sitis=diam&nam=id&congue=ornare&risus=imperdiet&semper=sapien&porta=urna&volutpat=pretium&quam=nisl&pede=ut&lobortis=volutpat&ligula=sapien&sit=arcu&amet=sed&eleifend=augue&pede=aliquam');

insert into tasks (id, lesson_id, created_at, deadline, code, description, file, image, title)
values (1, 1, '2024-04-09', '2024-05-09', '5051',
        'Displaced transverse fracture of shaft of right fibula, subsequent encounter for open fracture type IIIA, IIIB, or IIIC with nonunion',
        '1716541824083_СПРАВОЧНИК.pdf', '1716542983753_images (18).jpeg',
        'huffingtonpost.com');
insert into tasks (id, lesson_id, created_at, deadline, code, description, file, image, title)
values (2, 1, '2024-04-09', '2024-05-09', '6142', 'Major laceration of left vertebral artery, initial encounter',
        '1716541844238_Сабак_5.pdf', '1716542957174_images (9).jpeg',
        'edublogs.org');
insert into tasks (id, lesson_id, created_at, deadline, code, description, file, image, title)
values (3, 2, '2024-04-09', '2024-05-09', '3562',
        'Cocaine dependence with cocaine-induced psychotic disorder, unspecified', '1716541870558_Сабак_4.pdf',
        '1716542936792_images (8).jpeg', 'joomla.org');
insert into tasks (id, lesson_id, created_at, deadline, code, description, file, image, title)
values (4, 3, '2024-04-09', '2024-05-09', '8343',
        'Nondisplaced Maisonneuve''s fracture of left leg, subsequent encounter for open fracture type IIIA, IIIB, or IIIC with nonunion',
        '1716541894769_Сабак_3.pdf', '1716542910316_images (7).jpeg',
        'amazonaws.com');
insert into tasks (id, lesson_id, created_at, deadline, code, description, file, image, title)
values (5, 4, '2024-04-09', '2024-05-09', '7535', 'Strain of left Achilles tendon, sequela', '1716541924932_Сабак_2.pdf',
        '1716542884522_5.jpeg', 'goo.gl');
insert into tasks (id, lesson_id, created_at, deadline, code, description, file, image, title)
values (6, 5, '2024-04-09', '2024-05-09', '4686',
        'Partial traumatic amputation at elbow level, unspecified arm, initial encounter', '1716541953548_Сабак_1.pdf',
        '1716542869648_images (19).jpeg', 'jigsy.com');
insert into tasks (id, lesson_id, created_at, deadline, code, description, file, image, title)
values (7, 6, '2024-04-09', '2024-05-09', '5141', 'Other biomechanical lesions of lumbar region', '1716541979448_Практическая_терапевтич_стом_2016_2.pdf',
        '1716542849245_images (1).jpeg', 'illinois.edu');
insert into tasks (id, lesson_id, created_at, deadline, code, description, file, image, title)
values (8, 7, '2024-04-09', '2024-05-09', '8876',
        'Coma scale, best motor response, extension, 24 hours or more after hospital admission', '1716542134029_Лекция_Дифтерия,_коклюш,_туберкулез_Объед_.ppt',
        '1716542835735_images (3).jpeg', 'cdbaby.com');
insert into tasks (id, lesson_id, created_at, deadline, code, description, file, image, title)
values (9, 8, '2024-04-09', '2024-05-09', '7739', 'Encounter for fitting and adjustment of urinary device',
        '1716542205183_Лаб.раб 2.pdf', '1716542819821_images (10).jpeg',
        'bing.com');
insert into tasks (id, lesson_id, created_at, deadline, code, description, file, image, title)
values (10, 9, '2024-04-09', '2024-05-09', '7703',
        'Infection and inflammatory reaction due to internal fixation device of right femur, subsequent encounter',
        '1716542226774_Лаб_Настройка DNS_кырг.pdf', '1716542804159_images (11).jpeg',
        'shutterfly.com');
insert into tasks (id, lesson_id, created_at, deadline, code, description, file, image, title)
values (11, 10, '2024-04-09', '2024-05-09', '3241', 'Other fracture of shaft of left ulna', '1716542254183_Жыйынтык-АЗИРЕТ_БЕКБОЛОТОВ.pdf',
        '1716542776579_images (15).jpeg', 'fastcompany.com');
insert into tasks (id, lesson_id, created_at, deadline, code, description, file, image, title)
values (12, 11, '2024-04-09', '2024-05-09', '674', 'Contusion of unspecified great toe with damage to nail, sequela',
        '1716542280450_жалпы маалымат.pdf', '1716542752334_5.jpeg',
        'twitter.com');
insert into tasks (id, lesson_id, created_at, deadline, code, description, file, image, title)
values (13, 12, '2024-04-09', '2024-05-09', '9143',
        'Unspecified fracture of shaft of unspecified fibula, subsequent encounter for closed fracture with nonunion',
        '1716542305423_TMALL.pdf', '1716542735264_4.jpeg',
        'google.co.jp');
insert into tasks (id, lesson_id, created_at, deadline, code, description, file, image, title)
values (14, 13, '2024-04-09', '2024-05-09', '8892', 'Displaced spiral fracture of shaft of unspecified femur',
        '1716542323826_-829802911.pdf', '1716542705934_7.jpeg',
        'google.com.br');
insert into tasks (id, lesson_id, created_at, deadline, code, description, file, image, title)
values (15, 14, '2024-04-09', '2024-05-09', '9435', 'Poisoning by heroin, undetermined, sequela',
        '1716542358344_СПРАВОЧНИК.pdf',
        '1716542688474_13.jpeg', 'amazon.co.uk');
insert into tasks (id, lesson_id, created_at, deadline, code, description, file, image, title)
values (16, 15, '2024-04-09', '2024-05-09', '1162',
        'Unspecified fracture of shaft of right fibula, subsequent encounter for open fracture type I or II with nonunion',
        '1716542378426_Сабак_4.pdf', '1716542672169_17.jpeg',
        'fastcompany.com');
insert into tasks (id, lesson_id, created_at, deadline, code, description, file, image, title)
values (17, 17, '2024-04-09', '2024-05-09', '5831',
        'Poisoning by cardiac-stimulant glycosides and drugs of similar action, assault, initial encounter',
        '1716542395427_Лаб.раб 2.pdf',
        '1716542651493_20.png', 'imageshack.us');
insert into tasks (id, lesson_id, created_at, deadline, code, description, file, image, title)
values (18, 17, '2024-04-09', '2024-05-09', '9461',
        'Poisoning by unspecified antipsychotics and neuroleptics, intentional self-harm, subsequent encounter',
        '1716542416951_жалпы маалымат.pdf',
        '1716542632159_images (19).jpeg', 'desdev.cn');
insert into tasks (id, lesson_id, created_at, deadline, code, description, file, image, title)
values (19, 17, '2024-04-09', '2024-05-09', '5539', 'Spastic entropion of left upper eyelid', '1716542486583_Патологическая_анатомия_6_е_издание1.pdf',
        '1716542612381_images (20).jpeg', 'jalbum.net');
insert into tasks (id, lesson_id, created_at, deadline, code, description, file, image, title)
values (20, 20, '2024-04-09', '2024-05-09', '8104', 'Abrasion of right elbow, initial encounter', '1716542570768_Сабак_3.pdf',
        '1716542593395_images (1).jpe', 'virginia.edu');

insert into videos (id, created_at, description)
values (1, '2024-04-09', 'Unspecified injury of unspecified external jugular vein, initial encounter');
insert into videos (id, created_at, description)
values (2, '2024-04-09',
        'Unspecified physeal fracture of lower end of ulna, unspecified arm, subsequent encounter for fracture with delayed healing');
insert into videos (id, created_at, description)
values (3, '2024-04-09', 'Family history of malignant neoplasm of urinary tract');
insert into videos (id, created_at, description)
values (4, '2024-04-09', 'Toxic effect of contact with other jellyfish, intentional self-harm, initial encounter');
insert into videos (id, created_at, description)
values (5, '2024-04-09', 'Poisoning by mixed antiepileptics, undetermined');
insert into videos (id, created_at, description)
values (6, '2024-04-09', 'Other specified injury of intercostal blood vessels, left side');
insert into videos (id, created_at, description)
values (7, '2024-04-09', 'Poisoning by smallpox vaccines, undetermined');
insert into videos (id, created_at, description)
values (8, '2024-04-09',
        'Military operations involving unintentional restriction of air and airway, military personnel, sequela');
insert into videos (id, created_at, description)
values (9, '2024-04-09', 'Trigger finger, little finger');
insert into videos (id, created_at, description)
values (10, '2024-04-09', 'Pathological fracture in neoplastic disease, right humerus, sequela');
insert into videos (id, created_at, description)
values (11, '2024-04-09', 'Injury of bladder');
insert into videos (id, created_at, description)
values (12, '2024-04-09',
        'Poisoning by keratolytics, keratoplastics, and other hair treatment drugs and preparations, intentional self-harm');
insert into videos (id, created_at, description)
values (13, '2024-04-09', 'Glaucoma with increased episcleral venous pressure, right eye');
insert into videos (id, created_at, description)
values (14, '2024-04-09', 'Displacement of cystostomy catheter');
insert into videos (id, created_at, description)
values (15, '2024-04-09', 'Fracture of alveolus of right mandible, sequela');
insert into videos (id, created_at, description)
values (16, '2024-04-09', 'Nondisplaced fracture of neck of unspecified radius, initial encounter for closed fracture');
insert into videos (id, created_at, description)
values (17, '2024-04-09', 'Nondisplaced fracture of posterior column [ilioischial] of right acetabulum');
insert into videos (id, created_at, description)
values (18, '2024-04-09', 'Anterior subluxation of right ulnohumeral joint, sequela');
insert into videos (id, created_at, description)
values (19, '2024-04-09',
        'Laceration of extensor muscle, fascia and tendon of right middle finger at wrist and hand level, subsequent encounter');
insert into videos (id, created_at, description)
values (20, '2024-04-09', 'Lateral subluxation of proximal end of tibia, unspecified knee');

insert into presentations (id, created_at, description, file, title)
values (1, '2023-10-18', 'Other contact with pig', '1716537887591_СПРАВОЧНИК.pd', 'Interior Live Oak');
insert into presentations (id, created_at, description, file, title)
values (2, '2023-10-02',
        'Displaced fracture of shaft of first metacarpal bone, unspecified hand, initial encounter for open fracture',
        '1716538061356_Сабак_1.pdf', 'Ray Goldenweed');
insert into presentations (id, created_at, description, file, title)
values (3, '2023-09-02', 'Toxic effect of other tobacco and nicotine, intentional self-harm, sequela',
        '1716538092650_Сабак_2.pdf', 'Globe Fimbry');
insert into presentations (id, created_at, description, file, title)
values (4, '2023-12-16', 'Other long term (current) drug therapy', '1716538107647_Сабак_3.pdf', 'Texan Gumweed');
insert into presentations (id, created_at, description, file, title)
values (5, '2023-12-25', 'Toxic effect of lead and its compounds, assault', '1716538133117_Сабак_4.pdf',
        'White Doll''s Daisy');
insert into presentations (id, created_at, description, file, title)
values (6, '2024-01-14', 'Abrasion of unspecified external genital organs, male, subsequent encounter',
        '1716538160158_Сабак_5.pdf', 'Tungoil Tree');
insert into presentations (id, created_at, description, file, title)
values (7, '2024-01-01', 'Injury of other nerves at shoulder and upper arm level', '1716538232679_Лаб.раб 2.pdf',
        'Straightbeak Buttercup');
insert into presentations (id, created_at, description, file, title)
values (8, '2023-09-04',
        'Strain of muscle and tendon of long extensor muscle of toe at ankle and foot level, unspecified foot',
        '1716538289430_Жыйынтык-АЗИРЕТ_БЕКБОЛОТОВ.pdf', 'Longpod Stitchwort');
insert into presentations (id, created_at, description, file, title)
values (9, '2023-05-26', 'Salter-Harris Type I physeal fracture of left calcaneus', '1716538312010_жалпы маалымат.pdf',
        'Bog Korthal Mistletoe');
insert into presentations (id, created_at, description, file, title)
values (10, '2023-06-02',
        'Unspecified fracture of left patella, subsequent encounter for open fracture type I or II with routine healing',
        '1716538337567_TMALL.pdf', 'Beckwith''s Milkvetch');
insert into presentations (id, created_at, description, file, title)
values (11, '2023-05-15', 'Rheumatoid arthritis of hand with involvement of other organs and systems',
        '1716538583459_Лекция_Дифтерия,_коклюш,_туберкулез_Объед_.ppt', 'Platanillo');
insert into presentations (id, created_at, description, file, title)
values (12, '2023-08-10',
        'Nondisplaced fracture of medial condyle of left femur, subsequent encounter for open fracture type IIIA, IIIB, or IIIC with delayed healing',
        '1716538612792_Практическая_терапевтич_стом_2016_2.pdf', 'Horehound');
insert into presentations (id, created_at, description, file, title)
values (13, '2023-09-16', 'Poisoning by sulfonamides, undetermined, subsequent encounter', 'Ut.mp3',
        'Canary Island Date Palm');
insert into presentations (id, created_at, description, file, title)
values (14, '2023-05-06', 'Cutaneous chromomycosis', '1716538782523_Лаб.раб 2.pdf', 'Hairy False Goldenaster');
insert into presentations (id, created_at, description, file, title)
values (15, '2023-08-24', 'Calcium deposit in bursa, left wrist', '1716538801962_Лаб_Настройка DNS_кырг.pdf', 'Arizona White Oak');
insert into presentations (id, created_at, description, file, title)
values (16, '2023-12-23',
        'Other fracture of lower end of right ulna, subsequent encounter for closed fracture with delayed healing',
        '1716538830414_СПРАВОЧНИК.pdf', 'Elegant Mariposa Lily');
insert into presentations (id, created_at, description, file, title)
values (17, '2024-01-31',
        'Displaced comminuted fracture of left patella, subsequent encounter for closed fracture with routine healing',
        '1716538846391_Практическая_терапевтич_стом_2016_2.pdf', 'Crabseye');
insert into presentations (id, created_at, description, file, title)
values (18, '2024-01-13', 'Corrosion of first degree of right upper arm, initial encounter', '1716538878939_-829802911.pdf',
        'Shortleaf Crabgrass');
insert into presentations (id, created_at, description, file, title)
values (19, '2023-07-01', 'Toxic effect of carbon monoxide from unspecified source', '1716538910377_Лекция_Дифтерия,_коклюш,_туберкулез_Объед_.ppt',
        'Cylinder Jointtail Grass');
insert into presentations (id, created_at, description, file, title)
values (20, '2024-02-03', 'Crushing injury of right thigh', '1716538941703_Лаб_Настройка DNS_кырг.pdf', 'Swamp Paperbark');

insert into lessons_presentations (lesson_id, presentations_id)
values (1, 1);
insert into lessons_presentations (lesson_id, presentations_id)
values (1, 2);
insert into lessons_presentations (lesson_id, presentations_id)
values (1, 3);
insert into lessons_presentations (lesson_id, presentations_id)
values (4, 4);
insert into lessons_presentations (lesson_id, presentations_id)
values (5, 5);
insert into lessons_presentations (lesson_id, presentations_id)
values (5, 6);
insert into lessons_presentations (lesson_id, presentations_id)
values (5, 7);
insert into lessons_presentations (lesson_id, presentations_id)
values (6, 8);
insert into lessons_presentations (lesson_id, presentations_id)
values (6, 9);
insert into lessons_presentations (lesson_id, presentations_id)
values (7, 10);
insert into lessons_presentations (lesson_id, presentations_id)
values (7, 11);
insert into lessons_presentations (lesson_id, presentations_id)
values (8, 12);
insert into lessons_presentations (lesson_id, presentations_id)
values (8, 13);
insert into lessons_presentations (lesson_id, presentations_id)
values (8, 14);
insert into lessons_presentations (lesson_id, presentations_id)
values (12, 15);
insert into lessons_presentations (lesson_id, presentations_id)
values (12, 16);
insert into lessons_presentations (lesson_id, presentations_id)
values (12, 17);
insert into lessons_presentations (lesson_id, presentations_id)
values (12, 18);
insert into lessons_presentations (lesson_id, presentations_id)
values (12, 19);
insert into lessons_presentations (lesson_id, presentations_id)
values (12, 20);

insert into lessons_videos (lesson_id, videos_id)
values (1, 1);
insert into lessons_videos (lesson_id, videos_id)
values (1, 2);
insert into lessons_videos (lesson_id, videos_id)
values (3, 3);
insert into lessons_videos (lesson_id, videos_id)
values (3, 4);
insert into lessons_videos (lesson_id, videos_id)
values (4, 5);
insert into lessons_videos (lesson_id, videos_id)
values (4, 6);
insert into lessons_videos (lesson_id, videos_id)
values (6, 7);
insert into lessons_videos (lesson_id, videos_id)
values (7, 8);
insert into lessons_videos (lesson_id, videos_id)
values (7, 9);
insert into lessons_videos (lesson_id, videos_id)
values (9, 10);
insert into lessons_videos (lesson_id, videos_id)
values (10, 11);
insert into lessons_videos (lesson_id, videos_id)
values (10, 12);
insert into lessons_videos (lesson_id, videos_id)
values (12, 13);
insert into lessons_videos (lesson_id, videos_id)
values (13, 14);
insert into lessons_videos (lesson_id, videos_id)
values (14, 15);
insert into lessons_videos (lesson_id, videos_id)
values (15, 16);
insert into lessons_videos (lesson_id, videos_id)
values (15, 17);
insert into lessons_videos (lesson_id, videos_id)
values (16, 18);

insert into tests (id, lesson_id, is_active, creation_date, title, hour, minute)
values (1, 1, 'FALSE', '2024-04-26',
        'vestibulum ante ipsum primis in faucibus orci luctus et ultrices posuere cubilia curae', 1, 20);
insert into tests (id, lesson_id, is_active, creation_date, title, hour, minute)
values (2, 2, 'FALSE', '2024-05-01',
        'felis sed interdum venenatis turpis enim blandit mi in porttitor pede justo eu massa donec dapibus duis at velit eu',
        1, 20);
insert into tests (id, lesson_id, is_active, creation_date, title, hour, minute)
values (3, 3, 'TRUE', '2024-04-20', 'nullam porttitor lacus at turpis donec posuere metus vitae ipsum aliquam', 1, 20);
insert into tests (id, lesson_id, is_active, creation_date, title, hour, minute)
values (4, 4, 'FALSE', '2024-04-15',
        'in faucibus orci luctus et ultrices posuere cubilia curae mauris viverra diam vitae quam', 1, 20);
insert into tests (id, lesson_id, is_active, creation_date, title, hour, minute)
values (5, 5, 'FALSE', '2024-05-08',
        'nulla elit ac nulla sed vel enim sit amet nunc viverra dapibus nulla suscipit ligula in', 1, 20);
insert into tests (id, lesson_id, is_active, creation_date, title, hour, minute)
values (6, 6, 'FALSE', '2024-04-14', 'ligula nec sem duis aliquam convallis nunc proin at turpis a pede', 1, 20);
insert into tests (id, lesson_id, is_active, creation_date, title, hour, minute)
values (7, 7, 'FALSE', '2024-04-11', 'vulputate ut ultrices vel augue vestibulum ante ipsum primis in', 1, 20);
insert into tests (id, lesson_id, is_active, creation_date, title, hour, minute)
values (8, 8, 'FALSE', '2024-04-15',
        'habitasse platea dictumst aliquam augue quam sollicitudin vitae consectetuer eget rutrum at', 1, 20);
insert into tests (id, lesson_id, is_active, creation_date, title, hour, minute)
values (9, 9, 'FALSE', '2024-05-06', 'blandit lacinia erat vestibulum sed magna at nunc commodo placerat', 1, 20);
insert into tests (id, lesson_id, is_active, creation_date, title, hour, minute)
values (10, 10, 'TRUE', '2024-04-17',
        'sed tincidunt eu felis fusce posuere felis sed lacus morbi sem mauris laoreet ut rhoncus aliquet pulvinar sed nisl nunc',
        1, 20);
insert into tests (id, lesson_id, is_active, creation_date, title, hour, minute)
values (11, 11, 'TRUE', '2024-04-30', 'in sapien iaculis congue vivamus metus arcu adipiscing molestie hendrerit at', 1,
        20);
insert into tests (id, lesson_id, is_active, creation_date, title, hour, minute)
values (12, 12, 'FALSE', '2024-04-22',
        'platea dictumst aliquam augue quam sollicitudin vitae consectetuer eget rutrum at lorem integer', 1, 20);
insert into tests (id, lesson_id, is_active, creation_date, title, hour, minute)
values (13, 13, 'FALSE', '2024-04-27',
        'eget orci vehicula condimentum curabitur in libero ut massa volutpat convallis morbi odio odio elementum', 1,
        20);
insert into tests (id, lesson_id, is_active, creation_date, title, hour, minute)
values (14, 14, 'FALSE', '2024-04-24',
        'penatibus et magnis dis parturient montes nascetur ridiculus mus etiam vel augue vestibulum rutrum rutrum neque aenean auctor',
        1, 20);
insert into tests (id, lesson_id, is_active, creation_date, title, hour, minute)
values (15, 15, 'TRUE', '2024-04-30',
        'ligula in lacus curabitur at ipsum ac tellus semper interdum mauris ullamcorper purus', 1, 20);
insert into tests (id, lesson_id, is_active, creation_date, title, hour, minute)
values (16, 16, 'TRUE', '2024-04-27',
        'cras mi pede malesuada in imperdiet et commodo vulputate justo in blandit ultrices enim lorem ipsum dolor sit amet',
        1, 20);
insert into tests (id, lesson_id, is_active, creation_date, title, hour, minute)
values (17, 17, 'TRUE', '2024-04-27',
        'nam nulla integer pede justo lacinia eget tincidunt eget tempus vel pede morbi porttitor lorem', 1, 20);
insert into tests (id, lesson_id, is_active, creation_date, title, hour, minute)
values (18, 18, 'TRUE', '2024-04-22',
        'in hac habitasse platea dictumst aliquam augue quam sollicitudin vitae consectetuer eget rutrum at lorem integer tincidunt',
        1, 20);
insert into tests (id, lesson_id, is_active, creation_date, title, hour, minute)
values (19, 18, 'TRUE', '2024-04-11',
        'penatibus et magnis dis parturient montes nascetur ridiculus mus etiam vel augue vestibulum', 1, 20);
insert into tests (id, lesson_id, is_active, creation_date, title, hour, minute)
values (20, 18, 'FALSE', '2024-05-08',
        'in imperdiet et commodo vulputate justo in blandit ultrices enim lorem ipsum dolor sit amet consectetuer adipiscing elit proin interdum',
        1, 20);

insert into questions (id, test_id, question_type, title, point)
values (1, 1, 'MULTIPLE', 'Legal Assistant', 10);
insert into questions (id, test_id, question_type, title, point)
values (2, 1, 'SINGLE', 'Systems Administrator IV', 10);
insert into questions (id, test_id, question_type, title, point)
values (3, 1, 'SINGLE', 'Teacher', 10);
insert into questions (id, test_id, question_type, title, point)
values (4, 1, 'MULTIPLE', 'Nurse Practicioner', 10);
insert into questions (id, test_id, question_type, title, point)
values (5, 2, 'MULTIPLE', 'Operator', 10);
insert into questions (id, test_id, question_type, title, point)
values (6, 2, 'MULTIPLE', 'Executive Secretary', 10);
insert into questions (id, test_id, question_type, title, point)
values (7, 2, 'MULTIPLE', 'Media Manager II', 10);
insert into questions (id, test_id, question_type, title, point)
values (8, 2, 'MULTIPLE', 'Technical Writer', 10);
insert into questions (id, test_id, question_type, title, point)
values (9, 3, 'MULTIPLE', 'VP Marketing', 10);
insert into questions (id, test_id, question_type, title, point)
values (10, 3, 'SINGLE', 'Health Coach IV', 10);
insert into questions (id, test_id, question_type, title, point)
values (11, 3, 'SINGLE', 'Assistant Manager', 10);
insert into questions (id, test_id, question_type, title, point)
values (12, 3, 'SINGLE', 'Marketing Assistant', 10);
insert into questions (id, test_id, question_type, title, point)
values (13, 4, 'SINGLE', 'Account Coordinator', 10);
insert into questions (id, test_id, question_type, title, point)
values (14, 4, 'SINGLE', 'Help Desk Operator', 10);
insert into questions (id, test_id, question_type, title, point)
values (15, 4, 'SINGLE', 'VP Quality Control', 10);
insert into questions (id, test_id, question_type, title, point)
values (16, 4, 'SINGLE', 'Developer III', 10);
insert into questions (id, test_id, question_type, title, point)
values (17, 5, 'SINGLE', 'Social Worker', 10);
insert into questions (id, test_id, question_type, title, point)
values (18, 5, 'SINGLE', 'Payment Adjustment Coordinator', 10);
insert into questions (id, test_id, question_type, title, point)
values (19, 5, 'SINGLE', 'Account Representative IV', 10);
insert into questions (id, test_id, question_type, title, point)
values (20, 5, 'SINGLE', 'Paralegal', 10);

insert into options (id, is_true, question_id, option)
values (1, 'TRUE', 1, 'edu');
insert into options (id, is_true, question_id, option)
values (2, 'FALSE', 1, 'edu');
insert into options (id, is_true, question_id, option)
values (3, 'TRUE', 1, 'net');
insert into options (id, is_true, question_id, option)
values (4, 'FALSE', 1, 'edu');
insert into options (id, is_true, question_id, option)
values (5, 'FALSE', 2, 'gov');
insert into options (id, is_true, question_id, option)
values (6, 'FALSE', 2, 'name');
insert into options (id, is_true, question_id, option)
values (7, 'FALSE', 2, 'name');
insert into options (id, is_true, question_id, option)
values (8, 'TRUE', 2, 'name');
insert into options (id, is_true, question_id, option)
values (9, 'TRUE', 3, 'edu');
insert into options (id, is_true, question_id, option)
values (10, 'FALSE', 3, 'com');
insert into options (id, is_true, question_id, option)
values (11, 'FALSE', 3, 'org');
insert into options (id, is_true, question_id, option)
values (12, 'FALSE', 3, 'org');
insert into options (id, is_true, question_id, option)
values (13, 'FALSE', 4, 'info');
insert into options (id, is_true, question_id, option)
values (14, 'TRUE', 4, 'org');
insert into options (id, is_true, question_id, option)
values (15, 'TRUE', 4, 'biz');
insert into options (id, is_true, question_id, option)
values (16, 'TRUE', 4, 'biz');
insert into options (id, is_true, question_id, option)
values (17, 'TRUE', 5, 'biz');
insert into options (id, is_true, question_id, option)
values (18, 'TRUE', 5, 'mil');
insert into options (id, is_true, question_id, option)
values (19, 'TRUE', 5, 'name');
insert into options (id, is_true, question_id, option)
values (20, 'FALSE', 5, 'net');

insert into answer_tasks (id, student_id, task_answer_status, date_of_send, task_id, text, file, image, point)
values (1, 1, 'LATE', '2024-04-12', 1,
        'orci nullam molestie nibh in lectus pellentesque at nulla suspendisse potenti cras in purus eu magna vulputate luctus',
        '1716538977180_-829802911.pdf',
        '1716540792652_images (11).jpeg',
        0);
insert into answer_tasks (id, student_id, task_answer_status, date_of_send, task_id, text, file, image, point)
values (2, 2, 'REJECTED', '2024-04-15', 1, 'suspendisse ornare consequat lectus in est risus auctor sed tristique in',
        '1716539004543_TMALL.pdf',
        '1716540882646_images (1).jpeg',
        0);
insert into answer_tasks (id, student_id, task_answer_status, date_of_send, task_id, text, file, image, point)
values (4, 4, 'ACCEPTED', '2024-04-11', 1,
        'quisque erat eros viverra eget congue eget semper rutrum nulla nunc purus phasellus in felis donec',
        '1716539030922_жалпы маалымат.pdf',
        '1716540902227_images (2).jpeg', 0);
insert into answer_tasks (id, student_id, task_answer_status, date_of_send, task_id, text, file, image, point)
values (5, 5, 'LATE', '2024-04-11', 2,
        'aliquet maecenas leo odio condimentum id luctus nec molestie sed justo pellentesque viverra pede ac diam cras pellentesque',
        '1716539054891_Жыйынтык-АЗИРЕТ_БЕКБОЛОТОВ.pdf',
        '1716540920973_images (3).jpeg', 0);
insert into answer_tasks (id, student_id, task_answer_status, date_of_send, task_id, text, file, image, point)
values (6, 6, 'REJECTED', '2024-04-13', 2,
        'nibh in hac habitasse platea dictumst aliquam augue quam sollicitudin vitae consectetuer eget rutrum at lorem integer',
        '1716539075340_Лаб_Настройка DNS_кырг.pdf',
        '1716540945334_images (4).jpeg',
        0);
insert into answer_tasks (id, student_id, task_answer_status, date_of_send, task_id, text, file, image, point)
values (7, 7, 'LATE', '2024-04-22', 2,
        'vestibulum rutrum rutrum neque aenean auctor gravida sem praesent id massa id nisl venenatis lacinia aenean sit amet justo',
        '1716539109673_Лаб.раб 2.pdf',
        '1716540961923_images (5).jpeg', 0);
insert into answer_tasks (id, student_id, task_answer_status, date_of_send, task_id, text, file, image, point)
values (8, 8, 'REJECTED', '2024-04-19', 2,
        'nec condimentum neque sapien placerat ante nulla justo aliquam quis turpis eget elit sodales scelerisque mauris sit amet',
        '1716539131345_Лекция_Дифтерия,_коклюш,_туберкулез_Объед_.ppt',
        '1716541000517_images (6).jpeg',
        0);
insert into answer_tasks (id, student_id, task_answer_status, date_of_send, task_id, text, file, image, point)
values (9, 9, 'WAITING', '2024-04-10', 3, 'tellus semper interdum mauris ullamcorper purus sit amet nulla quisque arcu',
        '1716539235182_Практическая_терапевтич_стом_2016_2.pdf',
        '1716541012196_images (7).jpeg', 0);
insert into answer_tasks (id, student_id, task_answer_status, date_of_send, task_id, text, file, image, point)
values (10, 10, 'ACCEPTED', '2024-04-29', 3,
        'augue vel accumsan tellus nisi eu orci mauris lacinia sapien quis libero nullam sit amet',
        '1716539293699_Сабак_1.pdf',
        '1716541033173_images (8).jpeg', 0);
insert into answer_tasks (id, student_id, task_answer_status, date_of_send, task_id, text, file, image, point)
values (11, 11, 'LATE', '2024-04-15', 3,
        'in faucibus orci luctus et ultrices posuere cubilia curae duis faucibus accumsan odio',
        '1716539322748_Сабак_2.pdf',
        '1716541049210_images (9).jpeg', 0);
insert into answer_tasks (id, "student_id", task_answer_status, date_of_send, task_id, text, file, image, point)
values (12, 12, 'WAITING', '2024-04-30', 3,
        'volutpat quam pede lobortis ligula sit amet eleifend pede libero quis orci nullam molestie nibh in',
        '1716539392696_Сабак_3.pdf',
        '1716541069149_images (10).jpeg',
        0);
insert into answer_tasks (id, student_id, task_answer_status, date_of_send, task_id, text, file, image, point)
values (13, 13, 'LATE', '2024-04-17', 4,
        'ipsum primis in faucibus orci luctus et ultrices posuere cubilia curae mauris viverra diam',
        '1716539414302_Сабак_4.pdf',
        '1716541085226_images (11).jpeg', 0);
insert into answer_tasks (id, student_id, task_answer_status, date_of_send, task_id, text, file, image, point)
values (14, 14, 'ACCEPTED', '2024-05-07', 4,
        'ac est lacinia nisi venenatis tristique fusce congue diam id ornare imperdiet sapien',
        '1716539433650_Сабак_5.pdf',
        '1716541099529_images (12).jpeg', 9);
insert into answer_tasks (id, student_id, task_answer_status, date_of_send, task_id, text, file, image, point)
values (15, 15, 'REJECTED', '2024-04-22', 4,
        'orci luctus et ultrices posuere cubilia curae donec pharetra magna vestibulum aliquet ultrices erat tortor sollicitudin mi sit amet lobortis',
        '1716539456835_СПРАВОЧНИК.pdf',
        '1716541119905_images (13).jpeg', 7);
insert into answer_tasks (id, student_id, task_answer_status, date_of_send, task_id, text, file, image, point)
values (16, 16, 'REJECTED', '2024-05-07', 4,
        'mauris ullamcorper purus sit amet nulla quisque arcu libero rutrum ac lobortis vel dapibus at',
        '1716539475250_-829802911.pdf',
        '1716541137286_images (14).jpeg', 9);
insert into answer_tasks (id, student_id, task_answer_status, date_of_send, task_id, text, file, image, point)
values (17, 17, 'ACCEPTED', '2024-04-18', 5, 'dolor vel est donec odio justo sollicitudin ut suscipit a',
        '1716539518953_жалпы маалымат.pdf',
        '1716541163652_images (14).jpeg', 7);
insert into answer_tasks (id, student_id, task_answer_status, date_of_send, task_id, text, file, image, point)
values (18, 18, 'WAITING', '2024-04-28', 5, 'vestibulum rutrum rutrum neque aenean auctor gravida sem praesent id',
        '1716539560846_Лаб.раб 2.pdf',
        '1716541182425_images (15).jpeg', 5);
insert into answer_tasks (id, student_id, task_answer_status, date_of_send, task_id, text, file, image, point)
values (19, 19, 'LATE', '2024-04-30', 5, 'sapien cursus vestibulum proin eu mi nulla ac enim in tempor turpis nec',
        '1716539592445_Лаб_Настройка DNS_кырг.pdf',
        '1716541199158_images (17).jpeg', 0);
insert into answer_tasks (id, student_id, task_answer_status, date_of_send, task_id, text, file, image, point)
values (20, 20, 'WAITING', '2024-04-18', 5, 'in felis donec semper sapien a libero nam dui proin leo odio porttitor',
        '1716539621583_TMALL.pdf',
        '1716541218792_images (18).jpeg',
        0);

insert into result_tests (id, test_id, creation_date, student_id, point)
values (1, 1, '2024-04-16', 1, 5);
insert into result_tests (id, test_id, creation_date, student_id, point)
values (2, 1, '2024-05-08', 2, 1);
insert into result_tests (id, test_id, creation_date, student_id, point)
values (3, 2, '2024-05-04', 3, 4);
insert into result_tests (id, test_id, creation_date, student_id, point)
values (4, 2, '2024-04-20', 4, 5);
insert into result_tests (id, test_id, creation_date, student_id, point)
values (5, 3, '2024-04-19', 5, 8);
insert into result_tests (id, test_id, creation_date, student_id, point)
values (6, 3, '2024-04-14', 6, 3);
insert into result_tests (id, test_id, creation_date, student_id, point)
values (7, 4, '2024-05-04', 7, 9);
insert into result_tests (id, test_id, creation_date, student_id, point)
values (8, 4, '2024-04-19', 8, 7);
insert into result_tests (id, test_id, creation_date, student_id, point)
values (9, 5, '2024-04-14', 9, 2);
insert into result_tests (id, test_id, creation_date, student_id, point)
values (10, 5, '2024-05-04', 10, 1);
insert into result_tests (id, test_id, creation_date, student_id, point)
values (11, 6, '2024-04-21', 11, 9);
insert into result_tests (id, test_id, creation_date, student_id, point)
values (12, 6, '2024-04-23', 12, 8);
insert into result_tests (id, test_id, creation_date, student_id, point)
values (13, 7, '2024-04-26', 13, 9);
insert into result_tests (id, test_id, creation_date, student_id, point)
values (14, 7, '2024-05-07', 14, 8);
insert into result_tests (id, test_id, creation_date, student_id, point)
values (15, 8, '2024-04-27', 15, 3);
insert into result_tests (id, test_id, creation_date, student_id, point)
values (16, 8, '2024-04-19', 16, 4);
insert into result_tests (id, test_id, creation_date, student_id, point)
values (17, 9, '2024-05-01', 17, 10);
insert into result_tests (id, test_id, creation_date, student_id, point)
values (18, 9, '2024-04-15', 18, 7);
insert into result_tests (id, test_id, creation_date, student_id, point)
values (19, 10, '2024-04-20', 19, 6);
insert into result_tests (id, test_id, creation_date, student_id, point)
values (20, 10, '2024-04-10', 20, 10);

insert into notifications (id, answer_task_id, created_at, description, title, task_id)
values (1, 1, '2023-08-01',
        'Nondisplaced fracture of first metatarsal bone, left foot, subsequent encounter for fracture with malunion',
        'Rosary Snoutbean', 1);
insert into notifications (id, answer_task_id, created_at, description, title, task_id)
values (2, 1, '2023-12-27', 'Contact with other nonpowered hand tool, initial encounter', 'Pacific Lovegrass', 2);
insert into notifications (id, answer_task_id, created_at, description, title, task_id)
values (3, 1, '2023-12-25', 'Complete physeal arrest, right proximal tibia', 'Spiritweed', 3);
insert into notifications (id, answer_task_id, created_at, description, title, task_id)
values (4, 1, '2023-09-13', 'Cannabis dependence with psychotic disorder with hallucinations',
        'Luquillo Mountain Babyboot Orchid', 4);
insert into notifications (id, answer_task_id, created_at, description, title, task_id)
values (5, 2, '2024-02-07', 'Other snow-ski accident', 'Spring Phacelia', 5);
insert into notifications (id, answer_task_id, created_at, description, title, task_id)
values (6, 2, '2023-08-27', 'Total perforations of tympanic membrane, bilateral', 'Heath False Brome', 6);
insert into notifications (id, answer_task_id, created_at, description, title, task_id)
values (7, 2, '2024-03-04', 'Complete lesion at C7 level of cervical spinal cord, sequela', 'Barundi Dropseed', 7);
insert into notifications (id, answer_task_id, created_at, description, title, task_id)
values (8, 2, '2023-09-28', 'Dislocation of unspecified thoracic vertebra, sequela', 'American Hazelnut', 8);
insert into notifications (id, answer_task_id, created_at, description, title, task_id)
values (9, 6, '2024-01-12',
        'Other displaced fracture of base of first metacarpal bone, right hand, initial encounter for open fracture',
        'Sierra Stonecrop', 9);
insert into notifications (id, answer_task_id, created_at, description, title, task_id)
values (10, 6, '2024-02-04', 'Pneumonia due to other specified bacteria', 'Showy Alpine Ragwort', 10);
insert into notifications (id, answer_task_id, created_at, description, title, task_id)
values (11, 6, '2024-04-04', 'Exposure to high air pressure from rapid descent in water', 'Mat Prickly Phlox', 11);
insert into notifications (id, answer_task_id, created_at, description, title, task_id)
values (12, 6, '2023-10-09',
        'Nondisplaced fracture of capitate [os magnum] bone, unspecified wrist, subsequent encounter for fracture with delayed healing',
        'Pacific Lecidea Lichen', 12);
insert into notifications (id, answer_task_id, created_at, description, title, task_id)
values (13, 4, '2024-02-26',
        'Military operations involving other destruction of aircraft, military personnel, initial encounter',
        'Sierra Stonecrop', 13);
insert into notifications (id, answer_task_id, created_at, description, title, task_id)
values (14, 4, '2023-11-30', 'Obstructed labor due to malposition and malpresentation, unspecified',
        'Dwarf Russian Almond', 14);
insert into notifications (id, answer_task_id, created_at, description, title, task_id)
values (15, 4, '2023-09-19', 'Neoplasm of uncertain behavior of right ureter', 'Matted Lichen', 15);
insert into notifications (id, answer_task_id, created_at, description, title, task_id)
values (16, 4, '2023-12-10', 'Poisoning by butyrophenone and thiothixene neuroleptics, intentional self-harm, sequela',
        'Shameplant', 16);
insert into notifications (id, answer_task_id, created_at, description, title, task_id)
values (17, 5, '2023-11-04',
        'Unspecified fracture of head of left femur, subsequent encounter for open fracture type I or II with malunion',
        'Flame Orchid', 17);
insert into notifications (id, answer_task_id, created_at, description, title, task_id)
values (18, 5, '2023-10-26',
        'Car driver injured in collision with heavy transport vehicle or bus in nontraffic accident, sequela',
        'Patagonia Mountain Leatherpetal', 18);
insert into notifications (id, answer_task_id, created_at, description, title, task_id)
values (19, 5, '2023-09-28',
        'Kidney dialysis as the cause of abnormal reaction of the patient, or of later complication, without mention of misadventure at the time of the procedure',
        'Big Chickweed', 19);
insert into notifications (id, answer_task_id, created_at, description, title, task_id)
values (20, 5, '2023-05-09', 'Other specified pregnancy related conditions, unspecified trimester', 'Melaspilea Lichen',
        20);

insert into result_tests_options (result_test_id, options_id)
values (1, 1);
insert into result_tests_options (result_test_id, options_id)
values (1, 2);
insert into result_tests_options (result_test_id, options_id)
values (1, 6);
insert into result_tests_options (result_test_id, options_id)
values (1, 7);
insert into result_tests_options (result_test_id, options_id)
values (1, 12);
insert into result_tests_options (result_test_id, options_id)
values (2, 5);
insert into result_tests_options (result_test_id, options_id)
values (2, 1);
insert into result_tests_options (result_test_id, options_id)
values (2, 8);
insert into result_tests_options (result_test_id, options_id)
values (3, 11);
insert into result_tests_options (result_test_id, options_id)
values (3, 9);
insert into result_tests_options (result_test_id, options_id)
values (3, 6);
insert into result_tests_options (result_test_id, options_id)
values (3, 15);
insert into result_tests_options (result_test_id, options_id)
values (4, 3);
insert into result_tests_options (result_test_id, options_id)
values (4, 4);
insert into result_tests_options (result_test_id, options_id)
values (4, 17);
insert into result_tests_options (result_test_id, options_id)
values (4, 19);
insert into result_tests_options (result_test_id, options_id)
values (5, 12);
insert into result_tests_options (result_test_id, options_id)
values (5, 5);
insert into result_tests_options (result_test_id, options_id)
values (5, 6);
insert into result_tests_options (result_test_id, options_id)
values (5, 7);

insert into courses_groups (courses_id, groups_id)
values (1, 1);
insert into courses_groups (courses_id, groups_id)
values (1, 1);
insert into courses_groups (courses_id, groups_id)
values (2, 1);
insert into courses_groups (courses_id, groups_id)
values (2, 4);
insert into courses_groups (courses_id, groups_id)
values (3, 5);
insert into courses_groups (courses_id, groups_id)
values (8, 11);
insert into courses_groups (courses_id, groups_id)
values (11, 12);
insert into courses_groups (courses_id, groups_id)
values (11, 13);
insert into courses_groups (courses_id, groups_id)
values (12, 12);
insert into courses_groups (courses_id, groups_id)
values (13, 12);
insert into courses_groups (courses_id, groups_id)
values (16, 12);
insert into courses_groups (courses_id, groups_id)
values (17, 17);
insert into courses_groups (courses_id, groups_id)
values (18, 18);
insert into courses_groups (courses_id, groups_id)
values (19, 19);
insert into courses_groups (courses_id, groups_id)
values (20, 20);

insert into instructors_courses(courses_id, instructors_id)
values (1, 1);
insert into instructors_courses(courses_id, instructors_id)
values (1, 2);
insert into instructors_courses(courses_id, instructors_id)
values (3, 2);
insert into instructors_courses(courses_id, instructors_id)
values (4, 2);
insert into instructors_courses(courses_id, instructors_id)
values (2, 2);
insert into instructors_courses(courses_id, instructors_id)
values (5, 1);
insert into instructors_courses(courses_id, instructors_id)
values (5, 6);
insert into instructors_courses(courses_id, instructors_id)
values (7, 6);
insert into instructors_courses(courses_id, instructors_id)
values (8, 8);
insert into instructors_courses(courses_id, instructors_id)
values (9, 9);
insert into instructors_courses(courses_id, instructors_id)
values (8, 10);
insert into instructors_courses(courses_id, instructors_id)
values (10, 10);
insert into instructors_courses(courses_id, instructors_id)
values (11, 11);
insert into instructors_courses(courses_id, instructors_id)
values (12, 12);
insert into instructors_courses(courses_id, instructors_id)
values (13, 13);
insert into instructors_courses(courses_id, instructors_id)
values (13, 14);


update links
set video_id =1
where id = 1;
update links
set lesson_id =2
where id = 2;
update links
set lesson_id =3
where id = 3;
update links
set lesson_id =4
where id = 4;
update links
set lesson_id =5
where id = 5;
update links
set lesson_id =6
where id = 6;
update links
set lesson_id =7
where id = 7;
update links
set video_id =8
where id = 8;
update links
set video_id =9
where id = 9;
update links
set lesson_id =10
where id = 10;
update links
set video_id =11
where id = 11;
update links
set lesson_id =12
where id = 12;

insert into student_notification_states (notification_states, notification_states_key, student_id)
values ('FALSE', 1, 1);
insert into student_notification_states (notification_states, notification_states_key, student_id)
values ('FALSE', 2, 2);
insert into student_notification_states (notification_states, notification_states_key, student_id)
values ('FALSE', 3, 3);
insert into student_notification_states (notification_states, notification_states_key, student_id)
values ('FALSE', 4, 4);
insert into student_notification_states (notification_states, notification_states_key, student_id)
values ('FALSE', 5, 5);
insert into student_notification_states (notification_states, notification_states_key, student_id)
values ('FALSE', 6, 6);
insert into instructor_notification_states (notification_states, notification_states_key, instructor_id)
values ('FALSE', 7, 1);
insert into instructor_notification_states (notification_states, notification_states_key, instructor_id)
values ('TRUE', 8, 2);
insert into instructor_notification_states (notification_states, notification_states_key, instructor_id)
values ('FALSE', 9, 3);
insert into instructor_notification_states (notification_states, notification_states_key, instructor_id)
values ('FALSE', 10, 4);

insert into announcements (id, announcement_content, user_id, published_date, expiration_date, is_published)
values (1, 'Valentijn', 1, '5/2/2024', '4/6/2024', 'true');
insert into announcements (id, announcement_content, user_id, published_date, expiration_date, is_published)
values (2, 'Wayland', 1, '6/18/2023', '8/13/2023', 'true');
insert into announcements (id, announcement_content, user_id, published_date, expiration_date, is_published)
values (3, 'Laverna', 2, '5/14/2024', '8/30/2023', 'true');
insert into announcements (id, announcement_content, user_id, published_date, expiration_date, is_published)
values (4, 'Shelley', 2, '8/26/2023', '6/6/2024', 'true');
insert into announcements (id, announcement_content, user_id, published_date, expiration_date, is_published)
values (5, 'Belicia', 3, '8/4/2023', '11/1/2023', 'false');

insert into announcements_groups (announcement_id, groups_id)
values (1, 1);
insert into announcements_groups (announcement_id, groups_id)
values (2, 1);
insert into announcements_groups (announcement_id, groups_id)
values (3, 1);
insert into announcements_groups (announcement_id, groups_id)
values (4, 3);
insert into announcements_groups (announcement_id, groups_id)
values (5, 2);
insert into announcements_groups (announcement_id, groups_id)
values (1, 3);
insert into announcements_groups (announcement_id, groups_id)
values (2, 3);
insert into announcements_groups (announcement_id, groups_id)
values (3, 4);
insert into announcements_groups (announcement_id, groups_id)
values (4, 5);

insert into task_links(task_id, links)
values (1, 'https://www.youtube.com/watch?v=j2xqOFOjUf8');
insert into task_links(task_id, links)
values (2, 'https://www.youtube.com/watch?v=_z-IdC7jIRA');
insert into task_links(task_id, links)
values (3, 'https://www.youtube.com/shorts/diA6HKkqlJc');
insert into task_links(task_id, links)
values (4, 'https://www.youtube.com/watch?v=kVaC-JfiMYA');
insert into task_links(task_id, links)
values (5, 'https://www.youtube.com/watch?v=87IKVg_R3vg');
insert into task_links(task_id, links)
values (6, 'https://www.youtube.com/watch?v=u2JeJrNmxjU');
insert into task_links(task_id, links)
values (7, 'https://www.youtube.com/watch?v=gk3h9NSw694');
insert into task_links(task_id, links)
values (8, 'https://www.youtube.com/watch?v=hXQxSi34GWY');
insert into task_links(task_id, links)
values (9, 'https://www.youtube.com/watch?v=grlvDLzvbL4');
insert into task_links(task_id, links)
values (10, 'https://www.youtube.com/watch?v=SXkC92TqxAw');

insert into comments (answer_task_id, id, user_id, created_at, content)
values (1, 1, 1, '1/28/2024', 'исправь и занаво напиши');
insert into comments (answer_task_id, id, user_id, created_at, content)
values (2, 2, 2, '9/8/2023', 'все правильно');
insert into comments (answer_task_id, id, user_id, created_at, content)
values (20, 3, 3, '6/18/2023', 'перездача');
insert into comments (answer_task_id, id, user_id, created_at, content)
values (4, 4, 4, '3/22/2024', 'отлично');
insert into comments (answer_task_id, id, user_id, created_at, content)
values (5, 5, 5, '10/13/2023', 'молодец');
insert into comments (answer_task_id, id, user_id, created_at, content)
values (6, 6, 6, '5/22/2023', 'не правильно');
insert into comments (answer_task_id, id, user_id, created_at, content)
values (7, 7, 7, '2/1/2024', 'двойка за заданте');
insert into comments (answer_task_id, id, user_id, created_at, content)
values (8, 8, 8, '12/12/2023', 'Требуется переработка.');
insert into comments (answer_task_id, id, user_id, created_at, content)
values (9, 9, 9, '8/4/2023', 'Пожалуйста, исправьте недочеты.');
insert into comments (answer_task_id, id, user_id, created_at, content)
values (10, 10, 10, '7/1/2023', 'Необходимо улучшить качество работы.');
insert into comments (answer_task_id, id, user_id, created_at, content)
values (11, 11, 11, '12/25/2023', 'Рекомендую пересмотреть решение.');
insert into comments (answer_task_id, id, user_id, created_at, content)
values (12, 12, 12, '5/31/2023', 'Прошу внимательнее проверить ответы.');
insert into comments (answer_task_id, id, user_id, created_at, content)
values (13, 13, 13, '6/23/2023', 'Требуется дополнительное обучение для правильного выполнения задания.');
insert into comments (answer_task_id, id, user_id, created_at, content)
values (14, 14, 14, '1/5/2024', 'Нужно больше усердия и внимания к деталям.');
insert into comments (answer_task_id, id, user_id, created_at, content)
values (15, 15, 15, '1/1/2024', 'Нужно больше практики для успешного выполнения задания.');

insert into student_announcements(announcements, announcements_key, student_id)
values (true, 1, 5),
       (false, 1, 2),
       (true, 1, 3),
       (false, 1, 4),
       (true, 2, 5),
       (false, 2, 2),
       (true, 2, 3),
       (false, 2, 4),
       (true, 4, 9),
       (false, 4, 10),
       (true, 4, 11),
       (false, 4, 12),
       (true, 5, 9)


