insert into users (id, full_name, email, password, role, block, phone_number) values (1, 'Aman Raimbekov', 'admin@gmail.com', '$2a$12$ETwPTjTxa5o8Rok7TSqLmeex/cRtWSfMXYtlQ1DQTChy5DkXwzgHK', 'ADMIN', 'FALSE', 'Golf Lima Juliett X-ray Quebec Whiskey India Oscar Echo Zulu Bravo Yankee Sierra Romeo');
insert into users (id, full_name, email, password, role, block, phone_number) values (2, 'Nurkamil Kamchiev', 'nurkamilkamchiev@gmail.com', '$2a$12$C7tCVrsJMMUlQZ2x3/drp.r2OdntFYaL9OJ8cK2KVde8myUAF5xlm', 'INSTRUCTOR', 'FALSE', 'Oscar Kilo Zulu Uniform Alfa Delta Sierra November Bravo Golf Charlie Victor Quebec Romeo Mike Echo Papa');
insert into users (id, full_name, email, password, role, block, phone_number) values (3, 'Gulumkan Uson kyzy', 'student@gmail.com', '$2a$12$PH8Sb7l275Af68N0d/49o.fStIU4pzuYUdOHiVkVnvzlzdxmrmOza', 'STUDENT', 'FALSE', 'Hotel Oscar Lima Mike Bravo Alfa Papa Golf Zulu Uniform Tango Yankee Charlie Sierra Echo India Quebec');
insert into users (id, full_name, email, password, role, block, phone_number) values (4, 'Nurmuhemmed Medetov', 'medetov@gmail.com', '$2a$12$CetPa30U0d5fHbe2xn1UGurrR1eSYKsDeudVsihhRU5inKAO6FmAG', 'INSTRUCTOR', 'TRUE', 'Lima Sierra Quebec Charlie Oscar Echo Golf India Papa X-ray Victor');
insert into users (id, full_name, email, password, role, block, phone_number) values (5, 'Myrzaim Keldibekova', 'myrzaim@gmail.com', '$2a$12$c34.DpY6pluuOGddMtgqzOunBtQIGqanvTgh7p.Howc7w2ziH5hUq', 'INSTRUCTOR', 'TRUE', 'India Yankee Romeo Kilo Charlie Quebec Oscar Papa Golf Alfa Lima Hotel Mike Victor Echo');
insert into users (id, full_name, email, password, role, block, phone_number) values (6, 'Mirlan Arstanbekov', 'mirlan@gmail.com', '$2a$12$kbWolVsK/Kp6wmcRKvdv2eH/V3kga1rA7t5IsvWsm8fVxFnOPKbiW', 'INSTRUCTOR', 'TRUE', 'Sierra Foxtrot Zulu Quebec Yankee Delta Romeo Whiskey India Lima Juliett Alfa Golf Kilo Hotel Echo Oscar Mike X-ray Papa');
insert into users (id, full_name, email, password, role, block, phone_number) values (7, 'Aliaskar Temirbekov', 'aliaskar@gmail.com', '$2a$12$rCjGrV7L4H/dw9l2FtVfRe0jvwxYxalFIA/4m834nQZWapBcJLyKG', 'INSTRUCTOR', 'FALSE', 'Mike Romeo Foxtrot Yankee X-ray Kilo Tango Lima Oscar Zulu Echo Sierra Uniform');
insert into users (id, full_name, email, password, role, block, phone_number) values (8, 'Karina Bokombaeva', 'karina@gmail.com', '$2a$12$ZkCFlxDpWLzzRiqiDh7DBuaeqhKEozHfqk4dMe.sGDhPGQrpk7HMK', 'INSTRUCTOR', 'TRUE', 'Juliett Charlie Sierra X-ray Mike Whiskey Oscar India Kilo Victor');
insert into users (id, full_name, email, password, role, block, phone_number) values (9, 'Alisher Keneshov', 'alisher@gmail.com', '$2a$12$K2QkNSNQvf.bPaM2vu2p1.KRaINiz1ZOAU/lxK83/Ay9OJ5t/3NOK`', 'INSTRUCTOR', 'FALSE', 'Whiskey Alfa Golf Bravo Charlie Mike Tango Yankee Quebec Echo Lima Victor India Foxtrot Papa');
insert into users (id, full_name, email, password, role, block, phone_number) values (10, 'Erbol Jakypov', 'jakypov@gmail.com', '$2a$12$XK0/fmiXfQrt/4dCglyRPuUWR5VgAlL9E/qHHmRcyW6lnv3eJgxPy', 'INSTRUCTOR', 'TRUE', 'Hotel Romeo Mike Juliett Kilo Charlie Sierra Delta Papa Foxtrot');
insert into users (id, full_name, email, password, role, block, phone_number) values (11, 'Erbol Aidarbekov', 'erbol@gmail.com', '$2a$12$5YU8LD0PjHHWMncif6GVyu6X0yHnUTPKNI1B6RTwY79o4D0qqhBZW', 'INSTRUCTOR', 'TRUE', 'Alfa Juliett X-ray Oscar Romeo Whiskey Kilo Charlie Uniform Quebec Lima Sierra Golf Mike Tango Zulu Echo Yankee');
insert into users (id, full_name, email, password, role, block, phone_number) values (12, 'Adilet Artykov', 'artykov@gmail.com', '$2a$12$hT6uCQR3kV2W4hK6yDx02O1W7NoKPCEPs1rhludCLKST/5dPb04OW', 'INSTRUCTOR', 'FALSE', 'Delta Uniform Echo Zulu Oscar Juliett Mike India Sierra Victor Kilo Tango');
insert into users (id, full_name, email, password, role, block, phone_number) values (13, 'Erzhan Sagyndykov', 'erzhan@gmail.com', '$2a$12$ulZDnOyp1N2KsT1om76qkew5UNQ7YbgdRd4ddBANHOhixld1y3oyq', 'INSTRUCTOR', 'FALSE', 'Whiskey India Uniform Charlie Oscar Foxtrot Sierra Mike Papa X-ray Bravo Victor Lima Kilo Hotel November Echo Yankee');
insert into users (id, full_name, email, password, role, block, phone_number) values (14, 'Daulet Alimbekov', 'daulet@gmail.com', '$2a$12$lVD2AyWgJ2Ypzgk9ljOBxezQ6zkAD3Sn56xjkyYi/I3VTuHOOjnoO', 'INSTRUCTOR', 'FALSE', 'X-ray Yankee Uniform Hotel Lima Tango Foxtrot Zulu Juliett Echo Papa Charlie Alfa Bravo Whiskey');
insert into users (id, full_name, email, password, role, block, phone_number) values (15, 'Nurbol Melisbekov', 'nurbol@gmail.com', '$2a$12$vGXxPO74z2e2rxAeM/seIuvnv9s9PADhLzdpSFZh0VZUZuElEFl2W', 'INSTRUCTOR', 'TRUE', 'Kilo Echo Alfa X-ray India November Bravo Romeo Papa Delta Uniform Quebec Whiskey Hotel Sierra Golf Mike Yankee');
insert into users (id, full_name, email, password, role, block, phone_number) values (16, 'Alinur Taalaibekov', 'alinur@gmail.com', '$2a$12$C6QrQ16obu.2MobSNS5jWOQv5aNAPQHCzZVx8.S16NFj554qbHoUq', 'INSTRUCTOR', 'FALSE', 'Romeo Papa Alfa India Quebec Foxtrot Victor Golf Hotel Lima X-ray Kilo Juliett November Yankee Sierra Whiskey');
insert into users (id, full_name, email, password, role, block, phone_number) values (17, 'Almir Kambarbekov', 'almir@gmail.com', '$2a$12$SCIxOXpKeVz/ZFzSU8ZBT.Bvi1mEuEQ7r1lHYYiVd9WC7g8QvHZVK', 'INSTRUCTOR', 'TRUE', 'Delta Yankee Juliett Oscar Hotel Mike Foxtrot November Papa Alfa X-ray Tango Uniform Quebec');
insert into users (id, full_name, email, password, role, block, phone_number) values (18, 'Amantur Esengulov', 'amantur@gmail.com', '$2a$12$GPY1/JLL/DOXnmRpIObbeOGcU4KgZyqvzvUEJxAho0wHOKB6d0HMq', 'INSTRUCTOR', 'FALSE', 'Sierra Charlie Oscar India Golf Bravo X-ray Juliett Kilo Yankee Tango Quebec Mike Lima Echo November');
insert into users (id, full_name, email, password, role, block, phone_number) values (19, 'Keldibek Sadykov', 'keldibek@gmail.com', '$2a$12$vfsQ.Fzk/SHQx9DbNgNDf.2PMO0UtctCfsgFv.viXxqSFlj.v9fx6', 'INSTRUCTOR', 'TRUE', 'Quebec Echo India Lima Yankee Sierra Romeo Delta Juliett November Whiskey Tango Uniform Kilo Zulu');
insert into users (id, full_name, email, password, role, block, phone_number) values (20, 'Adilet Aibekov', 'adilet@gmail.com', '$2a$12$l0t97cung/VftD/8piszNus5AlnFtXNENVcTd88SGuGpjiLjGgjfi', 'INSTRUCTOR', 'TRUE', 'Bravo Papa Juliett India X-ray Zulu Kilo Oscar Hotel Foxtrot');
insert into users (id, full_name, email, password, role, block, phone_number) values (21, 'Jigit Turumbekov', 'jigit@gmail.com', '$2a$12$MD5QVCndF1mscnMee159Ie9tMepgxIkMi4YTKfhbQ.zdda2Y/7djy', 'STUDENT', 'TRUE', 'Quebec Zulu Foxtrot Hotel Kilo November Victor Echo Charlie Lima Mike Whiskey Golf Yankee India Sierra');
insert into users (id, full_name, email, password, role, block, phone_number) values (22, 'Urmat Taichikov', 'urmat@gmail.com', '$2a$12$XVySJPMFrbHLEXe6kOiB/OhDDjsd7QQTxfGfIQnLHOQ1dtyaqX.DS', 'STUDENT', 'FALSE', 'Yankee Zulu Kilo Echo Tango Papa Whiskey Delta X-ray Oscar Sierra');
insert into users (id, full_name, email, password, role, block, phone_number) values (23, 'Kandybek Muktarbekov', 'kandy@gmail.comu', '$2a$12$Iw69zPsNVIuOuxb9XIgTauMS1Y3QoZ3ttdenlY2vWIcdfGaXwEp8a', 'STUDENT', 'TRUE', 'Tango Golf Foxtrot Echo Papa Victor Romeo Hotel Mike Zulu November Bravo Uniform India Alfa Delta Sierra');
insert into users (id, full_name, email, password, role, block, phone_number) values (24, 'Atai Turatbekov', 'atai@gmail.com', '$2a$12$zfneK6CGwBLnJ6ibhHEfq.j4xSdXMU.eDJCOG8Vy1znmjNxhryma.', 'STUDENT', 'FALSE', 'Uniform Charlie November Delta Victor Golf Papa Oscar Lima Hotel Foxtrot Zulu Echo X-ray Whiskey Romeo Kilo');
insert into users (id, full_name, email, password, role, block, phone_number) values (25, 'Joki Kalganbekov', 'joki@gmail.com', '$2a$12$neZL9hs5HgCTl3Z.oLBVOeALqX4tIR4XSwSM1hOQne.xdc/O8dGXa', 'STUDENT', 'TRUE', 'X-ray Bravo Charlie Papa India Quebec Hotel Echo Juliett Uniform');
insert into users (id, full_name, email, password, role, block, phone_number) values (26, 'Nazima Abdyldabekova', 'nazima@gmail.com', '$2a$12$CtjwEOY62rNmg2WPUxCSeOPkkJ2dzxb2mOfSUrPA8UXnhEabVShOm', 'STUDENT', 'FALSE', 'Echo Kilo Juliett Victor Oscar Mike Alfa Yankee Charlie November Romeo Lima Papa Uniform Bravo Whiskey Delta Foxtrot');
insert into users (id, full_name, email, password, role, block, phone_number) values (27, 'Yryskeldi Apyshov', 'yryskeldi@gmail.com', '$2a$12$bvkd1OQD3F7sfx1URl7RHuaqMj8K0zBGS9Re9Q4ZMESsdW1yQ1/42', 'STUDENT', 'TRUE', 'Echo Lima Zulu India Alfa Yankee Bravo X-ray Sierra Foxtrot Charlie Romeo Delta Kilo Mike');
insert into users (id, full_name, email, password, role, block, phone_number) values (28, 'Adis Suiunbekov', 'adis@gmail.com', '$2a$12$caoYq90FkzjJt5NttqBnme/xg5aRHbXmSarmfKnHPFWJFjc7kXGOq', 'STUDENT', 'TRUE', 'Tango Kilo Charlie Foxtrot Bravo Hotel Papa Sierra Echo Zulu Uniform Romeo Lima');
insert into users (id, full_name, email, password, role, block, phone_number) values (29, 'Roi Jons', 'roi@gmail.com', '$2a$12$.MktJzvlQDOFomQc.Vm8a.VlyK0CjaUZ2jjsWL1CPGdUvxgjAiOUy', 'STUDENT', 'FALSE', 'India Romeo Oscar Delta Charlie Echo Hotel Quebec Yankee Bravo Papa Zulu Uniform Kilo');
insert into users (id, full_name, email, password, role, block, phone_number) values (30, 'Tony Ferguson', 'ferguson@gmail.com', '$2a$12$7VyDiCwqsZBxfU2lxpYRnOqp7LvLhv336agNdSBpcF0oLcEQ1Ec.O', 'STUDENT', 'FALSE', 'Alfa Oscar X-ray Hotel Foxtrot Victor Yankee Quebec Golf Tango Uniform November Whiskey Mike Lima Papa');
insert into users (id, full_name, email, password, role, block, phone_number) values (31, 'Khabib Nurmagamedov', 'khabib@gmail.com', '$2a$12$3gpZR.esouEUhQ3fCeBC0.LjWL2lhvszIugDFVFA86yrhFM8Zjb02', 'STUDENT', 'TRUE', 'Bravo Delta Golf Kilo Lima X-ray Quebec Mike Juliett Papa Sierra Whiskey');
insert into users (id, full_name, email, password, role, block, phone_number) values (32, 'Leonel Messi', 'messi@gmail.com', '$2a$12$AhW18waWqHGVRhRLVaNI9O/SN8i21fZUQbf10DsDl0fNi2.U5I9RO', 'STUDENT', 'TRUE', 'India Delta Charlie November Victor Lima Uniform Foxtrot Mike Alfa Romeo');
insert into users (id, full_name, email, password, role, block, phone_number) values (33, 'Cristiano Ronaldo', 'ronaldo@gmail.com', '$2a$12$gs0xbtaWQLNc7jOLHR1s5eXgrpQJFSXytfOBYsoFMxtJQswCBBP8O', 'STUDENT', 'FALSE', 'November Golf Tango Hotel Echo Victor Papa Sierra Quebec India Oscar Delta Mike');
insert into users (id, full_name, email, password, role, block, phone_number) values (34, 'Tony Cross', 'tony@gmail.com', '$2a$12$oDB8al0vBB/KTlzLXh2ErOptdDsLkme5D3vFV8cluemMatviAX3vW', 'STUDENT', 'FALSE', 'Zulu Mike Charlie Bravo Oscar Echo Victor X-ray Whiskey Tango Papa Yankee Kilo Sierra Golf Juliett November Romeo');
insert into users (id, full_name, email, password, role, block, phone_number) values (35, 'Luka Modric', 'modric@gmail.com', '$2a$12$c3/EDftzHQ5Xf7KH8DPOpOmN5TxlzpzLWafPQWlQFWQnqjYNQP.e2', 'STUDENT', 'FALSE', 'Oscar Hotel Zulu Romeo Bravo Echo India Golf Foxtrot Victor Alfa Whiskey November Kilo Mike Yankee Sierra');
insert into users (id, full_name, email, password, role, block, phone_number) values (36, 'Kylian Mbappe', 'mbappe@gmail.com', '$2a$12$KrTcc2u.2NFkRCgcJXlUj.NK7cjRtDXk3svpDinBhs9uwi7URMYe.', 'STUDENT', 'FALSE', 'Juliett India Whiskey Foxtrot Hotel Delta Papa X-ray Kilo Sierra Charlie November Alfa Echo Uniform');
insert into users (id, full_name, email, password, role, block, phone_number) values (37, 'Muhammad Salah', 'salah@gmail.com', '$2a$12$r8hC0MnmCBxyTsnuExm6EuJtF50/e7azn3MVg7pRhtWbdooilFYKW', 'STUDENT', 'FALSE', 'Golf Hotel Bravo Juliett Echo X-ray Whiskey Quebec Mike Sierra Kilo Tango Yankee');
insert into users (id, full_name, email, password, role, block, phone_number) values (38, 'Nurlan Abibillaev', 'nurlan@gmail.com', '$2a$12$WTL9Ha0wsTBd.Y6VsK7AY.L2lDPb4Z6wcmGLo3a537c1g0ofNiSw6', 'STUDENT', 'FALSE', 'Bravo Alfa Uniform Victor Quebec Yankee Tango Whiskey Kilo Hotel Romeo Delta Mike Lima Zulu Foxtrot India Sierra Oscar Echo');
insert into users (id, full_name, email, password, role, block, phone_number) values (39, 'Nurislam Toigumbaev', 'nurislam@gmail.com', '$2a$12$CG3ByY1D6m2xsQ0MWWVUMe6OD74wO0V.YmwSH9y4CgCCR1i4QQ0C2', 'STUDENT', 'TRUE', 'Juliett Delta Bravo Hotel Mike Whiskey Uniform Lima Echo November India Yankee Foxtrot Papa Victor Romeo');
insert into users (id, full_name, email, password, role, block, phone_number) values (40, 'Elebesov Muktar', 'muktar@gmail.com', '$2a$12$VA5y7.IQeF9CAwKScf70AOw99K0bDnNxHaFxJw6q/OzNy/9yZkClC', 'STUDENT', 'FALSE', 'Lima Bravo Mike Papa Quebec X-ray Hotel Yankee Kilo Zulu Alfa Delta India Whiskey Echo Oscar Tango Victor Golf November');

insert into students (id,user_id, study_format, created_at) values (1,21, 'OFFLINE', '2024-4-12');
insert into students (id,user_id, study_format, created_at) values (2,22, 'ONLINE', '2024-4-12');
insert into students (id,user_id, study_format, created_at) values (3, 23,'OFFLINE', '2024-4-12');
insert into students (id,user_id, study_format, created_at) values (4, 24,'OFFLINE', '2024-4-12');
insert into students (id,user_id, study_format, created_at) values (5,25, 'ONLINE', '2024-4-12');
insert into students (id,user_id, study_format, created_at) values (6,26, 'OFFLINE', '2024-4-12');
insert into students (id,user_id, study_format, created_at) values (7, 27,'OFFLINE', '2024-4-12');
insert into students (id,user_id, study_format, created_at) values (8, 28,'OFFLINE', '2024-4-12');
insert into students (id,user_id, study_format, created_at) values (9, 29,'OFFLINE', '2024-4-12');
insert into students (id,user_id, study_format, created_at) values (10, 30,'ONLINE', '2024-4-12');
insert into students (id,user_id, study_format, created_at) values (11, 31,'OFFLINE', '2024-4-12');
insert into students (id, user_id,study_format, created_at) values (12, 32,'OFFLINE', '2024-4-12');
insert into students (id,user_id, study_format, created_at) values (13, 33,'ONLINE', '2024-4-12');
insert into students (id,user_id, study_format, created_at) values (14, 34,'OFFLINE', '2024-4-12');
insert into students (id,user_id, study_format, created_at) values (15, 35,'OFFLINE', '2024-4-12');
insert into students (id,user_id, study_format, created_at) values (16, 36,'OFFLINE', '2024-4-12');
insert into students (id,user_id, study_format, created_at) values (17, 37,'OFFLINE', '2024-4-12');
insert into students (id,user_id, study_format, created_at) values (18, 40,'ONLINE', '2024-4-12');
insert into students (id,user_id, study_format, created_at) values (19, 38,'ONLINE', '2024-4-12');
insert into students (id,user_id, study_format, created_at) values (20, 39,'ONLINE', '2024-4-12');

insert into instructors (id, specialization, created_at, user_id) values (1, 'java', '2024/04/07', 1);
insert into instructors (id, specialization, created_at, user_id) values (2, 'javaScript', '2024/04/04', 2);
insert into instructors (id, specialization, created_at, user_id) values (3, 'java', '2024/04/06', 3);
insert into instructors (id, specialization, created_at, user_id) values (4, 'java', '2024/04/07', 4);
insert into instructors (id, specialization, created_at, user_id) values (5, 'java', '2024/04/05', 5);
insert into instructors (id, specialization, created_at, user_id) values (6, 'java', '2024/04/07', 6);
insert into instructors (id, specialization, created_at, user_id) values (7, 'javaScript', '2024/04/04', 7);
insert into instructors (id, specialization, created_at, user_id) values (8, 'javaScript', '2024/04/06', 8);
insert into instructors (id, specialization, created_at, user_id) values (9, 'javaScript', '2024/04/03', 9);
insert into instructors (id, specialization, created_at, user_id) values (10, 'java', '2024/04/08', 10);
insert into instructors (id, specialization, created_at, user_id) values (11, 'java', '2024/04/03', 11);
insert into instructors (id, specialization, created_at, user_id) values (12, 'flutter', '2024/04/05', 12);
insert into instructors (id, specialization, created_at, user_id) values (13, 'java', '2024/04/03', 13);
insert into instructors (id, specialization, created_at, user_id) values (14, 'javaScript', '2024/04/06', 14);
insert into instructors (id, specialization, created_at, user_id) values (15, 'java', '2024/04/06', 15);
insert into instructors (id, specialization, created_at, user_id) values (16, 'javaScript', '2024/04/05', 16);
insert into instructors (id, specialization, created_at, user_id) values (17, 'flutter', '2024/04/05', 17);
insert into instructors (id, specialization, created_at, user_id) values (18, 'javaScript', '2024/04/08', 18);
insert into instructors (id, specialization, created_at, user_id) values (19, 'javaScript', '2024/04/04', 19);
insert into instructors (id, specialization, created_at, user_id) values (20, 'javaScript', '2024/04/08', 20);

insert into groups (id, title, date_of_start, date_of_end, description, image) values (1, 'java1', '2024/04/03', '2025-04-09', 'Excision of Left Cephalic Vein, Open Approach', 'https://app.slack.com/client/T023L1WBFLH/D06LTL4STDH');
insert into groups (id, title, date_of_start, date_of_end, description, image) values (2, 'java2', '2024/04/06', '2025-04-09', 'Drainage of Bilateral Breast with Drainage Device, Via Natural or Artificial Opening', 'https://app.slack.com/client/T023L1WBFLH/D06LTL4STDH');
insert into groups (id, title, date_of_start, date_of_end, description, image) values (3, 'java3', '2024/04/03', '2025-04-09', 'Drainage of Right Upper Femur, Percutaneous Approach', 'https://app.slack.com/client/T023L1WBFLH/D06LTL4STDH');
insert into groups (id, title, date_of_start, date_of_end, description, image) values (4, 'java4', '2024/04/03', '2025-04-09', 'Bypass Left Brachial Artery to Upper Arm Vein with Autologous Venous Tissue, Open Approach', 'https://app.slack.com/client/T023L1WBFLH/D06LTL4STDH');
insert into groups (id, title, date_of_start, date_of_end, description, image) values (5, 'java5', '2024/04/07', '2025-04-09', 'Release Left Mastoid Sinus, Percutaneous Endoscopic Approach', 'https://app.slack.com/client/T023L1WBFLH/D06LTL4STDH');
insert into groups (id, title, date_of_start, date_of_end, description, image) values (6, 'java6', '2024/04/04', '2025-04-09', 'Replacement of Nose with Synthetic Substitute, Open Approach', 'https://app.slack.com/client/T023L1WBFLH/D06LTL4STDH');
insert into groups (id, title, date_of_start, date_of_end, description, image) values (7, 'java7', '2024/04/04', '2025-04-09', 'Extirpation of Matter from Right External Ear, Percutaneous Approach', 'https://app.slack.com/client/T023L1WBFLH/D06LTL4STDH');
insert into groups (id, title, date_of_start, date_of_end, description, image) values (8, 'java8', '2024/04/04', '2025-04-09', 'Destruction of Right Elbow Bursa and Ligament, Percutaneous Approach', 'https://app.slack.com/client/T023L1WBFLH/D06LTL4STDH');
insert into groups (id, title, date_of_start, date_of_end, description, image) values (9, 'java9', '2024/04/07', '2025-04-09', 'Bypass Right Hand Vein to Upper Vein, Percutaneous Endoscopic Approach', 'https://app.slack.com/client/T023L1WBFLH/D06LTL4STDH');
insert into groups (id, title, date_of_start, date_of_end, description, image) values (10, 'java10', '2024/04/04', '2025-04-09', 'Restriction of Cecum with Extraluminal Device, Open Approach', 'https://app.slack.com/client/T023L1WBFLH/D06LTL4STDH');
insert into groups (id, title, date_of_start, date_of_end, description, image) values (11, 'js1', '2024/04/05', '2025-04-09', 'Dilation of Hymen with Intraluminal Device, Via Natural or Artificial Opening Endoscopic', 'https://app.slack.com/client/T023L1WBFLH/D06LTL4STDH');
insert into groups (id, title, date_of_start, date_of_end, description, image) values (12, 'js2', '2024/04/03', '2025-04-09', 'Hyperthermia of Bile Ducts', 'https://app.slack.com/client/T023L1WBFLH/D06LTL4STDH');
insert into groups (id, title, date_of_start, date_of_end, description, image) values (13, 'js3', '2024/04/03', '2025-04-09', 'Dilation of Right Foot Artery, Percutaneous Approach', 'https://app.slack.com/client/T023L1WBFLH/D06LTL4STDH');
insert into groups (id, title, date_of_start, date_of_end, description, image) values (14, 'js4', '2024/04/06', '2025-04-09', 'Introduction of Other Gas into Epidural Space, Via Natural or Artificial Opening', 'https://app.slack.com/client/T023L1WBFLH/D06LTL4STDH');
insert into groups (id, title, date_of_start, date_of_end, description, image) values (15, 'js5', '2024/04/05', '2025-04-09', 'Revision of Internal Fixation Device in Left Femoral Shaft, Percutaneous Approach', 'https://app.slack.com/client/T023L1WBFLH/D06LTL4STDH');
insert into groups (id, title, date_of_start, date_of_end, description, image) values (16, 'js6', '2024/04/03', '2025-04-09', 'Introduction of Radioactive Substance into Biliary and Pancreatic Tract, Percutaneous Approach', 'https://app.slack.com/client/T023L1WBFLH/D06LTL4STDH');
insert into groups (id, title, date_of_start, date_of_end, description, image) values (17, 'js7', '2024/04/07', '2025-04-09', 'Beam Radiation of Mandible using Electrons', 'https://app.slack.com/client/T023L1WBFLH/D06LTL4STDH');
insert into groups (id, title, date_of_start, date_of_end, description, image) values (18, 'js8', '2024/04/04', '2025-04-09', 'Excision of Hypoglossal Nerve, Percutaneous Endoscopic Approach', 'https://app.slack.com/client/T023L1WBFLH/D06LTL4STDH');
insert into groups (id, title, date_of_start, date_of_end, description, image) values (19, 'js9', '2024/04/03', '2025-04-09', 'Drainage of Right Conjunctiva, External Approach, Diagnostic', 'https://app.slack.com/client/T023L1WBFLH/D06LTL4STDH');
insert into groups (id, title, date_of_start, date_of_end, description, image) values (20, 'js10', '2024/04/08', '2025-04-09', 'Revision of Synthetic Substitute in Left Patella, Open Approach', 'https://app.slack.com/client/T023L1WBFLH/D06LTL4STDH');

insert into courses (id, title, date_of_start, date_of_end, description, image, group_id) values (1, 'java1', '2024/04/08', '2025-04-09', 'Dilation of Innominate Artery with Two Drug-eluting Intraluminal Devices, Open Approach', 'https://app.slack.com/client/T023L1WBFLH/D06LTL4STDH', 1);
insert into courses (id, title, date_of_start, date_of_end, description, image, group_id) values (2, 'java2', '2024/04/07', '2025-04-09', 'Immobilization of Left Toe using Brace', 'https://app.slack.com/client/T023L1WBFLH/D06LTL4STDH', 2);
insert into courses (id, title, date_of_start, date_of_end, description, image, group_id) values (3, 'java3', '2024/04/04', '2025-04-09', 'Release Right Patella, Percutaneous Endoscopic Approach', 'https://app.slack.com/client/T023L1WBFLH/D06LTL4STDH', 3);
insert into courses (id, title, date_of_start, date_of_end, description, image, group_id) values (4, 'java4', '2024/04/06', '2025-04-09', 'Occlusion of Left Internal Mammary Artery, Percutaneous Approach', 'https://app.slack.com/client/T023L1WBFLH/D06LTL4STDH', 4);
insert into courses (id, title, date_of_start, date_of_end, description, image, group_id) values (5, 'java5', '2024/04/07', '2025-04-09', 'Resection of Right Ethmoid Sinus, Percutaneous Endoscopic Approach', 'https://app.slack.com/client/T023L1WBFLH/D06LTL4STDH', 5);
insert into courses (id, title, date_of_start, date_of_end, description, image, group_id) values (6, 'java6', '2024/04/07', '2025-04-09', 'Revision of Internal Fixation Device in Lumbar Vertebral Joint, Open Approach', 'https://app.slack.com/client/T023L1WBFLH/D06LTL4STDH', 6);
insert into courses (id, title, date_of_start, date_of_end, description, image, group_id) values (7, 'java7', '2024/04/04', '2025-04-09', 'Fragmentation in Spinal Canal, Percutaneous Approach', 'https://app.slack.com/client/T023L1WBFLH/D06LTL4STDH', 7);
insert into courses (id, title, date_of_start, date_of_end, description, image, group_id) values (8, 'java8', '2024/04/05', '2025-04-09', 'Revision of Autologous Tissue Substitute in Lower Tendon, External Approach', 'https://app.slack.com/client/T023L1WBFLH/D06LTL4STDH', 8);
insert into courses (id, title, date_of_start, date_of_end, description, image, group_id) values (9, 'java9', '2024/04/06', '2025-04-09', 'Dilation of Left External Carotid Artery, Bifurcation, Open Approach', 'https://app.slack.com/client/T023L1WBFLH/D06LTL4STDH', 9);
insert into courses (id, title, date_of_start, date_of_end, description, image, group_id) values (10, 'java10', '2024/04/08', '2025-04-09', 'Fusion of Right Acromioclavicular Joint with Synthetic Substitute, Percutaneous Endoscopic Approach', 'https://app.slack.com/client/T023L1WBFLH/D06LTL4STDH', 10);
insert into courses (id, title, date_of_start, date_of_end, description, image, group_id) values (11, 'js1', '2024/04/05', '2025-04-09', 'Repair Right Innominate Vein, Percutaneous Endoscopic Approach', 'https://app.slack.com/client/T023L1WBFLH/D06LTL4STDH', 11);
insert into courses (id, title, date_of_start, date_of_end, description, image, group_id) values (12, 'js2', '2024/04/03', '2025-04-09', 'Bypass Ileum to Cutaneous with Synthetic Substitute, Percutaneous Endoscopic Approach', 'https://app.slack.com/client/T023L1WBFLH/D06LTL4STDH', 12);
insert into courses (id, title, date_of_start, date_of_end, description, image, group_id) values (13, 'js3', '2024/04/06', '2025-04-09', 'Revision of Drainage Device in Tracheobronchial Tree, Percutaneous Endoscopic Approach', 'https://app.slack.com/client/T023L1WBFLH/D06LTL4STDH', 13);
insert into courses (id, title, date_of_start, date_of_end, description, image, group_id) values (14, 'js4', '2024/04/07', '2025-04-09', 'Removal of Synthetic Substitute from Right Carpal Joint, Percutaneous Approach', 'https://app.slack.com/client/T023L1WBFLH/D06LTL4STDH', 14);
insert into courses (id, title, date_of_start, date_of_end, description, image, group_id) values (15, 'js5', '2024/04/06', '2025-04-09', 'Supplement Vagina with Synthetic Substitute, External Approach', 'https://app.slack.com/client/T023L1WBFLH/D06LTL4STDH', 15);
insert into courses (id, title, date_of_start, date_of_end, description, image, group_id) values (16, 'js6', '2024/04/07', '2025-04-09', 'Bypass Coronary Artery, One Artery from Abdominal Artery with Autologous Arterial Tissue, Open Approach', 'https://app.slack.com/client/T023L1WBFLH/D06LTL4STDH', 16);
insert into courses (id, title, date_of_start, date_of_end, description, image, group_id) values (17, 'js7', '2024/04/05', '2025-04-09', 'Excision of Right Foot, Open Approach, Diagnostic', 'https://app.slack.com/client/T023L1WBFLH/D06LTL4STDH', 17);
insert into courses (id, title, date_of_start, date_of_end, description, image, group_id) values (18, 'js8', '2024/04/06', '2025-04-09', 'Drainage of Upper Vein, Percutaneous Approach, Diagnostic', 'https://app.slack.com/client/T023L1WBFLH/D06LTL4STDH', 18);
insert into courses (id, title, date_of_start, date_of_end, description, image, group_id) values (19, 'js9', '2024/04/04', '2025-04-09', 'Bypass Coronary Artery, Four or More Arteries from Coronary Artery with Autologous Arterial Tissue, Open Approach', 'https://app.slack.com/client/T023L1WBFLH/D06LTL4STDH', 19);
insert into courses (id, title, date_of_start, date_of_end, description, image, group_id) values (20, 'js10', '2024/04/06', '2025-04-09', 'Drainage of Sacrococcygeal Joint, Open Approach, Diagnostic', 'https://app.slack.com/client/T023L1WBFLH/D06LTL4STDH', 20);

insert into lessons (id, title, created_at, course_id) values (1, 'java1', '2024/04/05', 1);
insert into lessons (id, title, created_at, course_id) values (2, 'java2', '2024/04/06', 2);
insert into lessons (id, title, created_at, course_id) values (3, 'java3', '2024/04/03', 3);
insert into lessons (id, title, created_at, course_id) values (4, 'java4', '2024/04/03', 4);
insert into lessons (id, title, created_at, course_id) values (5, 'java5', '2024/04/03', 5);
insert into lessons (id, title, created_at, course_id) values (6, 'java6', '2024/04/07', 6);
insert into lessons (id, title, created_at, course_id) values (7, 'java7', '2024/04/05', 7);
insert into lessons (id, title, created_at, course_id) values (8, 'java8', '2024/04/07', 8);
insert into lessons (id, title, created_at, course_id) values (9, 'java9', '2024/04/03', 9);
insert into lessons (id, title, created_at, course_id) values (10, 'java10', '2024/04/08', 10);
insert into lessons (id, title, created_at, course_id) values (11, 'js1', '2024/04/06', 11);
insert into lessons (id, title, created_at, course_id) values (12, 'js2', '2024/04/07', 12);
insert into lessons (id, title, created_at, course_id) values (13, 'js3', '2024/04/03', 13);
insert into lessons (id, title, created_at, course_id) values (14, 'js4', '2024/04/06', 14);
insert into lessons (id, title, created_at, course_id) values (15, 'js5', '2024/04/03', 15);
insert into lessons (id, title, created_at, course_id) values (16, 'js6', '2024/04/04', 16);
insert into lessons (id, title, created_at, course_id) values (17, 'js7', '2024/04/07', 17);
insert into lessons (id, title, created_at, course_id) values (18, 'js8', '2024/04/05', 18);
insert into lessons (id, title, created_at, course_id) values (19, 'js9', '2024/04/08', 19);
insert into lessons (id, title, created_at, course_id) values (20, 'js10', '2024/04/03', 20);

insert into links (id, title, created_at, url) values (1, 'java1', '2024/04/03', 'http://diigo.com/odio/elementum/eu.jpg?mauris=volutpat&laoreet=erat&ut=quisque&rhoncus=erat&al');
insert into links (id, title, created_at, url) values (2, 'java2', '2024/04/03', 'http://goodreads.com/dis.png?dis=eleifend&parturient=quam&montes=a&nascetur=odio&ridiculus=in&mus=hac&etiam=');
insert into links (id, title, created_at, url) values (3, 'java3', '2024/04/08', 'https://over-blog.com/ut/erat/curabitur.jsp?integer=nibh&a=in&nibh=quis&in=justo&quis=maecenas&justo=rhoncus&mae');
insert into links (id, title, created_at, url) values (4, 'java4', '2024/04/05', 'https://histats.com/aenean/fermentum.json?ante=proin&ipsum=leo&primis=odio&in=porttitor&faucibus=id&orci=consequat&luct');
insert into links (id, title, created_at, url) values (5, 'java5', '2024/04/07', 'https://friendfeed.com/id/nisl/venenatis/lacinia.js?aliquet=aliquam&pulvinar=erat&sed=volutpat&nisl=in&nunc=congue&rhoncus=etia');
insert into links (id, title, created_at, url) values (6, 'java6', '2024/04/05', 'https://discovery.com/eget/vulputate/ut.jpg?ut=nulla&rhoncus=dapibus&aliquet=dolor&pulvinar=vel&sed=est&nisl=donec&nunc');
insert into links (id, title, created_at, url) values (7, 'java7', '2024/04/04', 'https://tamu.edu/ligula/pellentesque.xml?nunc=dui&proin=vel&at=nisl&turpis=duis&a=ac&pede=nibh&posuere=fusce&nonummy=lacus&');
insert into links (id, title, created_at, url) values (8, 'java8', '2024/04/06', 'https://springer.com/eget/tincidunt/eget.png?sapien=morbi&varius=vestibulum&ut=velit&blandit=id&non=pretium&interdum=iac');
insert into links (id, title, created_at, url) values (9, 'java9', '2024/04/05', 'https://who.int/duis/bibendum/felis/sed/interdum/venenatis.html?luctus=cubilia&et=curae&ultrices=nulla&posuere=dapibus');
insert into links (id, title, created_at, url) values (10, 'java10', '2024/04/08', 'http://auda.org.au/nonummy.html?est=habitasse&lacinia=platea&nisi=dictumst&venenatis=morbi&tristique=vestibulum');
insert into links (id, title, created_at, url) values (11, 'js1', '2024/04/05', 'http://goodreads.com/ligula/suspendisse/ornare/consequat/lectus/in.jpg?arcu=justo&sed=aliquam&augue=quis&aliquam=turpis&erat=eget&volutpat=elit&in=sodales&congue=scelerisque&etiam=mauris&justo=sit&etiam=amet&pre');
insert into links (id, title, created_at, url) values (12, 'js2', '2024/04/06', 'http://jimdo.com/gravida/nisi/at/nibh/in.xml?ac=nisl&est=nunc&lacinia=nisl&nisi=duis&venenatis=bibendum&tristique=felis&fusce=sed&congue=interdum&diam=venenatis&id=turpis&ornare=enim&imperdiet=blandit&sapien=mi&urna=in&pretium=porttitor&nisl=pede&ut=justo');
insert into links (id, title, created_at, url) values (13, 'js3', '2024/04/06', 'https://smugmug.com/sed/vestibulum/sit/amet.html?feugiat=curae&non=donec&pretium=pharetra&quis=magna&lectus=vestibulum&suspendisse=aliqu');
insert into links (id, title, created_at, url) values (14, 'js4', '2024/04/05', 'http://engadget.com/volutpat/eleifend/donec/ut/dolor/morbi.html?est=faucibus&phasellus=orci&sit=luctus&amet=et&erat=ultrices&nulla=pos');
insert into links (id, title, created_at, url) values (15, 'js5', '2024/04/04', 'https://amazon.de/fringilla.xml?dui=fusce&vel=congue&sem=diam&sed=id&sagittis=ornare&nam=imperdiet&congue=sapien&risus=urna&semper=pretium&porta=nisl&volutpat=');
insert into links (id, title, created_at, url) values (16, 'js6', '2024/04/06', 'https://noaa.gov/nulla.html?volutpat=a&sapien=feugiat&arcu=et&sed=em&ut=erat&erat=volutpat&id=in&mauris=congue&vulputate=etiam&elementum=justo&nullam=etiam&varius=pretium');
insert into links (id, title, created_at, url) values (17, 'js7', '2024/04/05', 'http://imdb.com/sed/accumsan/felis/ut/at/dolor/quis.json?mauris');
insert into links (id, title, created_at, url) values (18, 'js8', '2024/04/04', 'https://cdc.gov/ac.html?morbi=ut&quis=massa&tortor=volutpat&id=convallis&nulla=morbi&ultrices');
insert into links (id, title, created_at, url) values (19, 'js9', '2024/04/05', 'https://archive.org/nulla/tellus.png?lectus=sed&suspendisse=justo&potenti=pellentesque&in=viverra&eleifend=pm=potenti');
insert into links (id, title, created_at, url) values (20, 'js10', '2024/04/06', 'http://tamu.edu/non/lectus/aliquam/sitis=diam&nam=id&congue=ornare&risus=imperdiet&semper=sapien&porta=urna&volutpat=pretium&quam=nisl&pede=ut&lobortis=volutpat&ligula=sapien&sit=arcu&amet=sed&eleifend=augue&pede=aliquam');

insert into lessons_links (lesson_id, links_id) values (1, 1);
insert into lessons_links (lesson_id, links_id) values (2, 2);
insert into lessons_links (lesson_id, links_id) values (3, 3);
insert into lessons_links (lesson_id, links_id) values (4, 4);
insert into lessons_links (lesson_id, links_id) values (5, 5);
insert into lessons_links (lesson_id, links_id) values (6, 6);
insert into lessons_links (lesson_id, links_id) values (7, 7);
insert into lessons_links (lesson_id, links_id) values (8, 8);
insert into lessons_links (lesson_id, links_id) values (9, 9);
insert into lessons_links (lesson_id, links_id) values (10, 10);
insert into lessons_links (lesson_id, links_id) values (11, 11);
insert into lessons_links (lesson_id, links_id) values (12, 12);
insert into lessons_links (lesson_id, links_id) values (13, 13);
insert into lessons_links (lesson_id, links_id) values (14, 14);
insert into lessons_links (lesson_id, links_id) values (15, 15);
insert into lessons_links (lesson_id, links_id) values (16, 16);
insert into lessons_links (lesson_id, links_id) values (17, 17);
insert into lessons_links (lesson_id, links_id) values (18, 18);
insert into lessons_links (lesson_id, links_id) values (19, 19);
insert into lessons_links (lesson_id, links_id) values (20, 20);

insert into tasks (id, lesson_id, instructor_id, created_at, deadline, code, description, file, image, title) values (1, 1, 1, '2024-04-09', '2024-05-09', '5051', 'Displaced transverse fracture of shaft of right fibula, subsequent encounter for open fracture type IIIA, IIIB, or IIIC with nonunion', 'Rhoncus.ppt', 'https://app.slack.com/client/T023L1WBFLH/D06LTL4STDHhttps://app.clickup.com/t/86ep2cy42', 'huffingtonpost.com');
insert into tasks (id, lesson_id, instructor_id, created_at, deadline, code, description, file, image, title) values (2, 2, 2, '2024-04-09', '2024-05-09', '6142', 'Major laceration of left vertebral artery, initial encounter', 'InLectus.ppt', 'https://app.slack.com/client/T023L1WBFLH/D06LTL4STDHhttps://app.clickup.com/t/86ep2cy42', 'edublogs.org');
insert into tasks (id, lesson_id, instructor_id, created_at, deadline, code, description, file, image, title) values (3, 3, 3, '2024-04-09', '2024-05-09', '3562', 'Cocaine dependence with cocaine-induced psychotic disorder, unspecified', 'AccumsanTellusNisi.xls', 'https://app.slack.com/client/T023L1WBFLH/D06LTL4STDHhttps://app.clickup.com/t/86ep2cy42', 'joomla.org');
insert into tasks (id, lesson_id, instructor_id, created_at, deadline, code, description, file, image, title) values (4, 4, 4, '2024-04-09', '2024-05-09', '8343', 'Nondisplaced Maisonneuve''s fracture of left leg, subsequent encounter for open fracture type IIIA, IIIB, or IIIC with nonunion', 'NullaTellus.ppt', 'https://app.slack.com/client/T023L1WBFLH/D06LTL4STDHhttps://app.clickup.com/t/86ep2cy42', 'amazonaws.com');
insert into tasks (id, lesson_id, instructor_id, created_at, deadline, code, description, file, image, title) values (5, 5, 5, '2024-04-09', '2024-05-09', '7535', 'Strain of left Achilles tendon, sequela', 'Ut.doc', 'https://app.slack.com/client/T023L1WBFLH/D06LTL4STDHhttps://app.clickup.com/t/86ep2cy42', 'goo.gl');
insert into tasks (id, lesson_id, instructor_id, created_at, deadline, code, description, file, image, title) values (6, 6, 6, '2024-04-09', '2024-05-09', '4686', 'Partial traumatic amputation at elbow level, unspecified arm, initial encounter', 'In.xls', 'https://app.slack.com/client/T023L1WBFLH/D06LTL4STDHhttps://app.clickup.com/t/86ep2cy42', 'jigsy.com');
insert into tasks (id, lesson_id, instructor_id, created_at, deadline, code, description, file, image, title) values (7, 7, 7, '2024-04-09', '2024-05-09', '5141', 'Other biomechanical lesions of lumbar region', 'AliquetUltrices.avi', 'https://app.slack.com/client/T023L1WBFLH/D06LTL4STDHhttps://app.clickup.com/t/86ep2cy42', 'illinois.edu');
insert into tasks (id, lesson_id, instructor_id, created_at, deadline, code, description, file, image, title) values (8, 8, 8, '2024-04-09', '2024-05-09', '8876', 'Coma scale, best motor response, extension, 24 hours or more after hospital admission', 'Pretium.ppt', 'https://app.slack.com/client/T023L1WBFLH/D06LTL4STDHhttps://app.clickup.com/t/86ep2cy42', 'cdbaby.com');
insert into tasks (id, lesson_id, instructor_id, created_at, deadline, code, description, file, image, title) values (9, 9, 9, '2024-04-09', '2024-05-09', '7739', 'Encounter for fitting and adjustment of urinary device', 'Pharetra.xls', 'https://app.slack.com/client/T023L1WBFLH/D06LTL4STDHhttps://app.clickup.com/t/86ep2cy42', 'bing.com');
insert into tasks (id, lesson_id, instructor_id, created_at, deadline, code, description, file, image, title) values (10, 10, 10, '2024-04-09', '2024-05-09', '7703', 'Infection and inflammatory reaction due to internal fixation device of right femur, subsequent encounter', 'MaurisSit.gif', 'https://app.slack.com/client/T023L1WBFLH/D06LTL4STDHhttps://app.clickup.com/t/86ep2cy42', 'shutterfly.com');
insert into tasks (id, lesson_id, instructor_id, created_at, deadline, code, description, file, image, title) values (11, 11, 11, '2024-04-09', '2024-05-09', '3241', 'Other fracture of shaft of left ulna', 'SemFusce.avi', 'https://app.slack.com/client/T023L1WBFLH/D06LTL4STDHhttps://app.clickup.com/t/86ep2cy42', 'fastcompany.com');
insert into tasks (id, lesson_id, instructor_id, created_at, deadline, code, description, file, image, title) values (12, 12, 12, '2024-04-09', '2024-05-09', '674', 'Contusion of unspecified great toe with damage to nail, sequela', 'IntegerAliquet.doc', 'https://app.slack.com/client/T023L1WBFLH/D06LTL4STDHhttps://app.clickup.com/t/86ep2cy42', 'twitter.com');
insert into tasks (id, lesson_id, instructor_id, created_at, deadline, code, description, file, image, title) values (13, 13, 13, '2024-04-09', '2024-05-09', '9143', 'Unspecified fracture of shaft of unspecified fibula, subsequent encounter for closed fracture with nonunion', 'Arcu.ppt', 'https://app.slack.com/client/T023L1WBFLH/D06LTL4STDHhttps://app.clickup.com/t/86ep2cy42', 'google.co.jp');
insert into tasks (id, lesson_id, instructor_id, created_at, deadline, code, description, file, image, title) values (14, 14, 14, '2024-04-09', '2024-05-09', '8892', 'Displaced spiral fracture of shaft of unspecified femur', 'EuMi.xls', 'https://app.slack.com/client/T023L1WBFLH/D06LTL4STDHhttps://app.clickup.com/t/86ep2cy42', 'google.com.br');
insert into tasks (id, lesson_id, instructor_id, created_at, deadline, code, description, file, image, title) values (15, 15, 15, '2024-04-09', '2024-05-09', '9435', 'Poisoning by heroin, undetermined, sequela', 'SuspendisseOrnareConsequat.avi', 'https://app.slack.com/client/T023L1WBFLH/D06LTL4STDHhttps://app.clickup.com/t/86ep2cy42', 'amazon.co.uk');
insert into tasks (id, lesson_id, instructor_id, created_at, deadline, code, description, file, image, title) values (16, 16, 16, '2024-04-09', '2024-05-09', '1162', 'Unspecified fracture of shaft of right fibula, subsequent encounter for open fracture type I or II with nonunion', 'EuEstCongue.mov', 'https://app.slack.com/client/T023L1WBFLH/D06LTL4STDHhttps://app.clickup.com/t/86ep2cy42', 'fastcompany.com');
insert into tasks (id, lesson_id, instructor_id, created_at, deadline, code, description, file, image, title) values (17, 17, 17, '2024-04-09', '2024-05-09', '5831', 'Poisoning by cardiac-stimulant glycosides and drugs of similar action, assault, initial encounter', 'SuspendissePotentiIn.png', 'https://app.slack.com/client/T023L1WBFLH/D06LTL4STDHhttps://app.clickup.com/t/86ep2cy42', 'imageshack.us');
insert into tasks (id, lesson_id, instructor_id, created_at, deadline, code, description, file, image, title) values (18, 18, 18, '2024-04-09', '2024-05-09', '9461', 'Poisoning by unspecified antipsychotics and neuroleptics, intentional self-harm, subsequent encounter', 'MagnaBibendumImperdiet.mp3', 'https://app.slack.com/client/T023L1WBFLH/D06LTL4STDHhttps://app.clickup.com/t/86ep2cy42', 'desdev.cn');
insert into tasks (id, lesson_id, instructor_id, created_at, deadline, code, description, file, image, title) values (19, 19, 19, '2024-04-09', '2024-05-09', '5539', 'Spastic entropion of left upper eyelid', 'LacusPurus.jpeg', 'https://app.slack.com/client/T023L1WBFLH/D06LTL4STDHhttps://app.clickup.com/t/86ep2cy42', 'jalbum.net');
insert into tasks (id, lesson_id, instructor_id, created_at, deadline, code, description, file, image, title) values (20, 20, 20, '2024-04-09', '2024-05-09', '8104', 'Abrasion of right elbow, initial encounter', 'Id.jpeg', 'https://app.slack.com/client/T023L1WBFLH/D06LTL4STDHhttps://app.clickup.com/t/86ep2cy42', 'virginia.edu');

insert into videos (id, link_id, created_at, description) values (1, 1, '2024-04-09', 'Unspecified injury of unspecified external jugular vein, initial encounter');
insert into videos (id, link_id, created_at, description) values (2, 2, '2024-04-09', 'Unspecified physeal fracture of lower end of ulna, unspecified arm, subsequent encounter for fracture with delayed healing');
insert into videos (id, link_id, created_at, description) values (3, 3, '2024-04-09', 'Family history of malignant neoplasm of urinary tract');
insert into videos (id, link_id, created_at, description) values (4, 4, '2024-04-09', 'Toxic effect of contact with other jellyfish, intentional self-harm, initial encounter');
insert into videos (id, link_id, created_at, description) values (5, 5, '2024-04-09', 'Poisoning by mixed antiepileptics, undetermined');
insert into videos (id, link_id, created_at, description) values (6, 6, '2024-04-09', 'Other specified injury of intercostal blood vessels, left side');
insert into videos (id, link_id, created_at, description) values (7, 7, '2024-04-09', 'Poisoning by smallpox vaccines, undetermined');
insert into videos (id, link_id, created_at, description) values (8, 8, '2024-04-09', 'Military operations involving unintentional restriction of air and airway, military personnel, sequela');
insert into videos (id, link_id, created_at, description) values (9, 9, '2024-04-09', 'Trigger finger, little finger');
insert into videos (id, link_id, created_at, description) values (10, 10, '2024-04-09', 'Pathological fracture in neoplastic disease, right humerus, sequela');
insert into videos (id, link_id, created_at, description) values (11, 11, '2024-04-09', 'Injury of bladder');
insert into videos (id, link_id, created_at, description) values (12, 12, '2024-04-09', 'Poisoning by keratolytics, keratoplastics, and other hair treatment drugs and preparations, intentional self-harm');
insert into videos (id, link_id, created_at, description) values (13, 13, '2024-04-09', 'Glaucoma with increased episcleral venous pressure, right eye');
insert into videos (id, link_id, created_at, description) values (14, 14, '2024-04-09', 'Displacement of cystostomy catheter');
insert into videos (id, link_id, created_at, description) values (15, 15, '2024-04-09', 'Fracture of alveolus of right mandible, sequela');
insert into videos (id, link_id, created_at, description) values (16, 16, '2024-04-09', 'Nondisplaced fracture of neck of unspecified radius, initial encounter for closed fracture');
insert into videos (id, link_id, created_at, description) values (17, 17, '2024-04-09', 'Nondisplaced fracture of posterior column [ilioischial] of right acetabulum');
insert into videos (id, link_id, created_at, description) values (18, 18, '2024-04-09', 'Anterior subluxation of right ulnohumeral joint, sequela');
insert into videos (id, link_id, created_at, description) values (19, 19, '2024-04-09', 'Laceration of extensor muscle, fascia and tendon of right middle finger at wrist and hand level, subsequent encounter');
insert into videos (id, link_id, created_at, description) values (20, 20, '2024-04-09', 'Lateral subluxation of proximal end of tibia, unspecified knee');

insert into tasks_links (task_id, links_id) values (1, 1);
insert into tasks_links (task_id, links_id) values (2, 2);
insert into tasks_links (task_id, links_id) values (3, 3);
insert into tasks_links (task_id, links_id) values (4, 4);
insert into tasks_links (task_id, links_id) values (5, 5);
insert into tasks_links (task_id, links_id) values (6, 6);
insert into tasks_links (task_id, links_id) values (7, 7);
insert into tasks_links (task_id, links_id) values (8, 8);
insert into tasks_links (task_id, links_id) values (9, 9);
insert into tasks_links (task_id, links_id) values (10, 10);
insert into tasks_links (task_id, links_id) values (11, 11);
insert into tasks_links (task_id, links_id) values (12, 12);
insert into tasks_links (task_id, links_id) values (13, 13);
insert into tasks_links (task_id, links_id) values (14, 14);
insert into tasks_links (task_id, links_id) values (15, 15);
insert into tasks_links (task_id, links_id) values (16, 16);
insert into tasks_links (task_id, links_id) values (17, 17);
insert into tasks_links (task_id, links_id) values (18, 18);
insert into tasks_links (task_id, links_id) values (19, 19);
insert into tasks_links (task_id, links_id) values (20, 20);

insert into presentations (id, created_at, description, file, title) values (1, '2023-10-18', 'Other contact with pig', 'AcTellus.avi', 'Interior Live Oak');
insert into presentations (id, created_at, description, file, title) values (2, '2023-10-02', 'Displaced fracture of shaft of first metacarpal bone, unspecified hand, initial encounter for open fracture', 'PorttitorLorem.xls', 'Ray Goldenweed');
insert into presentations (id, created_at, description, file, title) values (3, '2023-09-02', 'Toxic effect of other tobacco and nicotine, intentional self-harm, sequela', 'SedAccumsan.png', 'Globe Fimbry');
insert into presentations (id, created_at, description, file, title) values (4, '2023-12-16', 'Other long term (current) drug therapy', 'PlaceratAnteNulla.avi', 'Texan Gumweed');
insert into presentations (id, created_at, description, file, title) values (5, '2023-12-25', 'Toxic effect of lead and its compounds, assault', 'ScelerisqueQuam.avi', 'White Doll''s Daisy');
insert into presentations (id, created_at, description, file, title) values (6, '2024-01-14', 'Abrasion of unspecified external genital organs, male, subsequent encounter', 'VitaeConsectetuerEget.gif', 'Tungoil Tree');
insert into presentations (id, created_at, description, file, title) values (7, '2024-01-01', 'Injury of other nerves at shoulder and upper arm level', 'SedVel.mp3', 'Straightbeak Buttercup');
insert into presentations (id, created_at, description, file, title) values (8, '2023-09-04', 'Strain of muscle and tendon of long extensor muscle of toe at ankle and foot level, unspecified foot', 'VivamusMetus.xls', 'Longpod Stitchwort');
insert into presentations (id, created_at, description, file, title) values (9, '2023-05-26', 'Salter-Harris Type I physeal fracture of left calcaneus', 'TellusInSagittis.mp3', 'Bog Korthal Mistletoe');
insert into presentations (id, created_at, description, file, title) values (10, '2023-06-02', 'Unspecified fracture of left patella, subsequent encounter for open fracture type I or II with routine healing', 'Pharetra.gif', 'Beckwith''s Milkvetch');
insert into presentations (id, created_at, description, file, title) values (11, '2023-05-15', 'Rheumatoid arthritis of hand with involvement of other organs and systems', 'CondimentumNequeSapien.mpeg', 'Platanillo');
insert into presentations (id, created_at, description, file, title) values (12, '2023-08-10', 'Nondisplaced fracture of medial condyle of left femur, subsequent encounter for open fracture type IIIA, IIIB, or IIIC with delayed healing', 'NonummyMaecenas.mp3', 'Horehound');
insert into presentations (id, created_at, description, file, title) values (13, '2023-09-16', 'Poisoning by sulfonamides, undetermined, subsequent encounter', 'Ut.mp3', 'Canary Island Date Palm');
insert into presentations (id, created_at, description, file, title) values (14, '2023-05-06', 'Cutaneous chromomycosis', 'TemporConvallis.ppt', 'Hairy False Goldenaster');
insert into presentations (id, created_at, description, file, title) values (15, '2023-08-24', 'Calcium deposit in bursa, left wrist', 'Turpis.mp3', 'Arizona White Oak');
insert into presentations (id, created_at, description, file, title) values (16, '2023-12-23', 'Other fracture of lower end of right ulna, subsequent encounter for closed fracture with delayed healing', 'NuncDonec.png', 'Elegant Mariposa Lily');
insert into presentations (id, created_at, description, file, title) values (17, '2024-01-31', 'Displaced comminuted fracture of left patella, subsequent encounter for closed fracture with routine healing', 'Pede.txt', 'Crabseye');
insert into presentations (id, created_at, description, file, title) values (18, '2024-01-13', 'Corrosion of first degree of right upper arm, initial encounter', 'Non.tiff', 'Shortleaf Crabgrass');
insert into presentations (id, created_at, description, file, title) values (19, '2023-07-01', 'Toxic effect of carbon monoxide from unspecified source', 'LobortisConvallis.mov', 'Cylinder Jointtail Grass');
insert into presentations (id, created_at, description, file, title) values (20, '2024-02-03', 'Crushing injury of right thigh', 'MorbiNonQuam.xls', 'Swamp Paperbark');

insert into lessons_presentations (lesson_id, presentations_id) values (1, 1);
insert into lessons_presentations (lesson_id, presentations_id) values (2, 2);
insert into lessons_presentations (lesson_id, presentations_id) values (3, 3);
insert into lessons_presentations (lesson_id, presentations_id) values (4, 4);
insert into lessons_presentations (lesson_id, presentations_id) values (5, 5);
insert into lessons_presentations (lesson_id, presentations_id) values (6, 6);
insert into lessons_presentations (lesson_id, presentations_id) values (7, 7);
insert into lessons_presentations (lesson_id, presentations_id) values (8, 8);
insert into lessons_presentations (lesson_id, presentations_id) values (9, 9);
insert into lessons_presentations (lesson_id, presentations_id) values (10, 10);
insert into lessons_presentations (lesson_id, presentations_id) values (11, 11);
insert into lessons_presentations (lesson_id, presentations_id) values (12, 12);
insert into lessons_presentations (lesson_id, presentations_id) values (13, 13);
insert into lessons_presentations (lesson_id, presentations_id) values (14, 14);
insert into lessons_presentations (lesson_id, presentations_id) values (15, 15);
insert into lessons_presentations (lesson_id, presentations_id) values (16, 16);
insert into lessons_presentations (lesson_id, presentations_id) values (17, 17);
insert into lessons_presentations (lesson_id, presentations_id) values (18, 18);
insert into lessons_presentations (lesson_id, presentations_id) values (19, 19);
insert into lessons_presentations (lesson_id, presentations_id) values (20, 20);

insert into lessons_videos (lesson_id, videos_id) values (1, 1);
insert into lessons_videos (lesson_id, videos_id) values (2, 2);
insert into lessons_videos (lesson_id, videos_id) values (3, 3);
insert into lessons_videos (lesson_id, videos_id) values (4, 4);
insert into lessons_videos (lesson_id, videos_id) values (5, 5);
insert into lessons_videos (lesson_id, videos_id) values (6, 6);
insert into lessons_videos (lesson_id, videos_id) values (7, 7);
insert into lessons_videos (lesson_id, videos_id) values (8, 8);
insert into lessons_videos (lesson_id, videos_id) values (9, 9);
insert into lessons_videos (lesson_id, videos_id) values (10, 10);
insert into lessons_videos (lesson_id, videos_id) values (11, 11);
insert into lessons_videos (lesson_id, videos_id) values (12, 12);
insert into lessons_videos (lesson_id, videos_id) values (13, 13);
insert into lessons_videos (lesson_id, videos_id) values (14, 14);
insert into lessons_videos (lesson_id, videos_id) values (15, 15);
insert into lessons_videos (lesson_id, videos_id) values (16, 16);
insert into lessons_videos (lesson_id, videos_id) values (17, 17);
insert into lessons_videos (lesson_id, videos_id) values (18, 18);
insert into lessons_videos (lesson_id, videos_id) values (19, 19);
insert into lessons_videos (lesson_id, videos_id) values (20, 20);

insert into tests (id, lesson_id, is_active, creation_date, title) values (1, 1, 'FALSE', '2024-04-26', 'vestibulum ante ipsum primis in faucibus orci luctus et ultrices posuere cubilia curae');
insert into tests (id, lesson_id, is_active, creation_date, title) values (2, 2, 'FALSE', '2024-05-01', 'felis sed interdum venenatis turpis enim blandit mi in porttitor pede justo eu massa donec dapibus duis at velit eu');
insert into tests (id, lesson_id, is_active, creation_date, title) values (3, 3, 'TRUE', '2024-04-20', 'nullam porttitor lacus at turpis donec posuere metus vitae ipsum aliquam');
insert into tests (id, lesson_id, is_active, creation_date, title) values (4, 4, 'FALSE', '2024-04-15', 'in faucibus orci luctus et ultrices posuere cubilia curae mauris viverra diam vitae quam');
insert into tests (id, lesson_id, is_active, creation_date, title) values (5, 5, 'FALSE', '2024-05-08', 'nulla elit ac nulla sed vel enim sit amet nunc viverra dapibus nulla suscipit ligula in');
insert into tests (id, lesson_id, is_active, creation_date, title) values (6, 6, 'FALSE', '2024-04-14', 'ligula nec sem duis aliquam convallis nunc proin at turpis a pede');
insert into tests (id, lesson_id, is_active, creation_date, title) values (7, 7, 'FALSE', '2024-04-11', 'vulputate ut ultrices vel augue vestibulum ante ipsum primis in');
insert into tests (id, lesson_id, is_active, creation_date, title) values (8, 8, 'FALSE', '2024-04-15', 'habitasse platea dictumst aliquam augue quam sollicitudin vitae consectetuer eget rutrum at');
insert into tests (id, lesson_id, is_active, creation_date, title) values (9, 9, 'FALSE', '2024-05-06', 'blandit lacinia erat vestibulum sed magna at nunc commodo placerat');
insert into tests (id, lesson_id, is_active, creation_date, title) values (10, 10, 'TRUE', '2024-04-17', 'sed tincidunt eu felis fusce posuere felis sed lacus morbi sem mauris laoreet ut rhoncus aliquet pulvinar sed nisl nunc');
insert into tests (id, lesson_id, is_active, creation_date, title) values (11, 11, 'TRUE', '2024-04-30', 'in sapien iaculis congue vivamus metus arcu adipiscing molestie hendrerit at');
insert into tests (id, lesson_id, is_active, creation_date, title) values (12, 12, 'FALSE', '2024-04-22', 'platea dictumst aliquam augue quam sollicitudin vitae consectetuer eget rutrum at lorem integer');
insert into tests (id, lesson_id, is_active, creation_date, title) values (13, 13, 'FALSE', '2024-04-27', 'eget orci vehicula condimentum curabitur in libero ut massa volutpat convallis morbi odio odio elementum');
insert into tests (id, lesson_id, is_active, creation_date, title) values (14, 14, 'FALSE', '2024-04-24', 'penatibus et magnis dis parturient montes nascetur ridiculus mus etiam vel augue vestibulum rutrum rutrum neque aenean auctor');
insert into tests (id, lesson_id, is_active, creation_date, title) values (15, 15, 'TRUE', '2024-04-30', 'ligula in lacus curabitur at ipsum ac tellus semper interdum mauris ullamcorper purus');
insert into tests (id, lesson_id, is_active, creation_date, title) values (16, 16, 'TRUE', '2024-04-27', 'cras mi pede malesuada in imperdiet et commodo vulputate justo in blandit ultrices enim lorem ipsum dolor sit amet');
insert into tests (id, lesson_id, is_active, creation_date, title) values (17, 17, 'TRUE', '2024-04-27', 'nam nulla integer pede justo lacinia eget tincidunt eget tempus vel pede morbi porttitor lorem');
insert into tests (id, lesson_id, is_active, creation_date, title) values (18, 18, 'TRUE', '2024-04-22', 'in hac habitasse platea dictumst aliquam augue quam sollicitudin vitae consectetuer eget rutrum at lorem integer tincidunt');
insert into tests (id, lesson_id, is_active, creation_date, title) values (19, 19, 'TRUE', '2024-04-11', 'penatibus et magnis dis parturient montes nascetur ridiculus mus etiam vel augue vestibulum');
insert into tests (id, lesson_id, is_active, creation_date, title) values (20, 20, 'FALSE', '2024-05-08', 'in imperdiet et commodo vulputate justo in blandit ultrices enim lorem ipsum dolor sit amet consectetuer adipiscing elit proin interdum');

insert into questions (id, test_id, question_type, title) values (1, 1, 'MULTIPLE', 'Legal Assistant');
insert into questions (id, test_id, question_type, title) values (2, 2, 'MULTIPLE', 'Systems Administrator IV');
insert into questions (id, test_id, question_type, title) values (3, 3, 'MULTIPLE', 'Teacher');
insert into questions (id, test_id, question_type, title) values (4, 4, 'MULTIPLE', 'Nurse Practicioner');
insert into questions (id, test_id, question_type, title) values (5, 5, 'MULTIPLE', 'Operator');
insert into questions (id, test_id, question_type, title) values (6, 6, 'MULTIPLE', 'Executive Secretary');
insert into questions (id, test_id, question_type, title) values (7, 7, 'MULTIPLE', 'Media Manager II');
insert into questions (id, test_id, question_type, title) values (8, 8, 'MULTIPLE', 'Technical Writer');
insert into questions (id, test_id, question_type, title) values (9, 9, 'MULTIPLE', 'VP Marketing');
insert into questions (id, test_id, question_type, title) values (10, 10, 'SINGLE', 'Health Coach IV');
insert into questions (id, test_id, question_type, title) values (11, 11, 'SINGLE', 'Assistant Manager');
insert into questions (id, test_id, question_type, title) values (12, 12, 'SINGLE', 'Marketing Assistant');
insert into questions (id, test_id, question_type, title) values (13, 13, 'SINGLE', 'Account Coordinator');
insert into questions (id, test_id, question_type, title) values (14, 14, 'SINGLE', 'Help Desk Operator');
insert into questions (id, test_id, question_type, title) values (15, 15, 'SINGLE', 'VP Quality Control');
insert into questions (id, test_id, question_type, title) values (16, 16, 'SINGLE', 'Developer III');
insert into questions (id, test_id, question_type, title) values (17, 17, 'SINGLE', 'Social Worker');
insert into questions (id, test_id, question_type, title) values (18, 18, 'SINGLE', 'Payment Adjustment Coordinator');
insert into questions (id, test_id, question_type, title) values (19, 19, 'SINGLE', 'Account Representative IV');
insert into questions (id, test_id, question_type, title) values (20, 20, 'SINGLE', 'Paralegal');

insert into options (id, is_true, question_id, option) values (1, 'TRUE', 1, 'edu');
insert into options (id, is_true, question_id, option) values (2, 'FALSE', 2, 'edu');
insert into options (id, is_true, question_id, option) values (3, 'TRUE', 3, 'net');
insert into options (id, is_true, question_id, option) values (4, 'FALSE', 4, 'edu');
insert into options (id, is_true, question_id, option) values (5, 'FALSE', 5, 'gov');
insert into options (id, is_true, question_id, option) values (6, 'FALSE', 6, 'name');
insert into options (id, is_true, question_id, option) values (7, 'FALSE', 7, 'name');
insert into options (id, is_true, question_id, option) values (8, 'TRUE', 8, 'name');
insert into options (id, is_true, question_id, option) values (9, 'FALSE', 9, 'edu');
insert into options (id, is_true, question_id, option) values (10, 'FALSE', 10, 'com');
insert into options (id, is_true, question_id, option) values (11, 'FALSE', 11, 'org');
insert into options (id, is_true, question_id, option) values (12, 'FALSE', 12, 'org');
insert into options (id, is_true, question_id, option) values (13, 'TRUE', 13, 'info');
insert into options (id, is_true, question_id, option) values (14, 'TRUE', 14, 'org');
insert into options (id, is_true, question_id, option) values (15, 'TRUE', 15, 'biz');
insert into options (id, is_true, question_id, option) values (16, 'TRUE', 16, 'biz');
insert into options (id, is_true, question_id, option) values (17, 'TRUE', 17, 'biz');
insert into options (id, is_true, question_id, option) values (18, 'TRUE', 18, 'mil');
insert into options (id, is_true, question_id, option) values (19, 'TRUE', 19, 'name');
insert into options (id, is_true, question_id, option) values (20, 'FALSE', 20, 'net');

insert into answer_tasks (id, student_id, task_answer_status, date_of_send,  task_id, text, comment, image, link_id) values (1, 1, 'LATE', '2024-04-12',  1, 'orci nullam molestie nibh in lectus pellentesque at nulla suspendisse potenti cras in purus eu magna vulputate luctus', 'vehicula condimentum curabitur in libero ut massa volutpat convallis morbi', 'justo nec condimentum neque sapien placerat ante nulla justo aliquam quis turpis eget elit sodales scelerisque mauris sit', 1);
insert into answer_tasks (id, student_id, task_answer_status, date_of_send,  task_id, text, comment, image, link_id) values (2, 2, 'REJECTED', '2024-04-15',  2, 'suspendisse ornare consequat lectus in est risus auctor sed tristique in', 'nulla suspendisse potenti cras in purus eu magna vulputate luctus cum sociis', 'habitasse platea dictumst aliquam augue quam sollicitudin vitae consectetuer eget rutrum at lorem integer tincidunt ante vel ipsum', 2);
insert into answer_tasks (id, student_id, task_answer_status, date_of_send,  task_id, text, comment, image, link_id) values (3, 3, 'WAITING', '2024-04-11',  3, 'suscipit ligula in lacus curabitur at ipsum ac tellus semper interdum mauris ullamcorper purus sit amet nulla quisque arcu libero', 'nibh in quis justo maecenas rhoncus aliquam lacus morbi quis tortor id nulla ultrices aliquet maecenas leo odio', 'curabitur in libero ut massa volutpat convallis morbi odio odio elementum eu', 3);
insert into answer_tasks (id, student_id, task_answer_status, date_of_send,  task_id, text, comment, image, link_id) values (4, 4, 'ACCEPTED', '2024-04-11',  4, 'quisque erat eros viverra eget congue eget semper rutrum nulla nunc purus phasellus in felis donec', 'sit amet eleifend pede libero quis orci nullam molestie nibh in lectus pellentesque at nulla suspendisse potenti cras in purus', 'scelerisque mauris sit amet eros suspendisse accumsan tortor quis turpis sed ante vivamus tortor', 4);
insert into answer_tasks (id, student_id, task_answer_status, date_of_send,  task_id, text, comment, image, link_id) values (5, 5, 'LATE', '2024-04-11',  5, 'aliquet maecenas leo odio condimentum id luctus nec molestie sed justo pellentesque viverra pede ac diam cras pellentesque', 'non pretium quis lectus suspendisse potenti in eleifend quam a', 'velit id pretium iaculis diam erat fermentum justo nec condimentum neque sapien placerat ante nulla justo', 5);
insert into answer_tasks (id, student_id, task_answer_status, date_of_send,  task_id, text, comment, image, link_id) values (6, 6, 'REJECTED', '2024-04-13', 6, 'nibh in hac habitasse platea dictumst aliquam augue quam sollicitudin vitae consectetuer eget rutrum at lorem integer', 'in eleifend quam a odio in hac habitasse platea dictumst maecenas ut massa', 'duis consequat dui nec nisi volutpat eleifend donec ut dolor morbi vel lectus in quam fringilla rhoncus mauris', 6);
insert into answer_tasks (id, student_id, task_answer_status, date_of_send,  task_id, text, comment, image, link_id) values (7, 7, 'LATE', '2024-04-22', 7, 'vestibulum rutrum rutrum neque aenean auctor gravida sem praesent id massa id nisl venenatis lacinia aenean sit amet justo', 'eleifend quam a odio in hac habitasse platea dictumst maecenas ut massa quis augue luctus tincidunt nulla mollis', 'eu sapien cursus vestibulum proin eu mi nulla ac enim', 7);
insert into answer_tasks (id, student_id, task_answer_status, date_of_send,  task_id, text, comment, image, link_id) values (8, 8, 'REJECTED', '2024-04-19', 8, 'nec condimentum neque sapien placerat ante nulla justo aliquam quis turpis eget elit sodales scelerisque mauris sit amet', 'morbi non quam nec dui luctus rutrum nulla tellus in sagittis dui vel', 'ut odio cras mi pede malesuada in imperdiet et commodo vulputate justo in blandit ultrices enim lorem ipsum dolor', 8);
insert into answer_tasks (id, student_id, task_answer_status, date_of_send,  task_id, text, comment, image, link_id) values (9, 9, 'WAITING', '2024-04-10', 9, 'tellus semper interdum mauris ullamcorper purus sit amet nulla quisque arcu', 'vel nisl duis ac nibh fusce lacus purus aliquet at feugiat non pretium quis lectus suspendisse potenti in eleifend quam', 'ut volutpat sapien arcu sed augue aliquam erat volutpat in congue etiam justo etiam pretium iaculis', 9);
insert into answer_tasks (id, student_id, task_answer_status, date_of_send,  task_id, text, comment, image, link_id) values (10, 10, 'ACCEPTED', '2024-04-29', 10, 'augue vel accumsan tellus nisi eu orci mauris lacinia sapien quis libero nullam sit amet', 'purus eu magna vulputate luctus cum sociis natoque penatibus et magnis dis parturient montes nascetur ridiculus mus vivamus', 'sapien varius ut blandit non interdum in ante vestibulum ante ipsum primis in', 10);
insert into answer_tasks (id, student_id, task_answer_status, date_of_send,  task_id, text, comment, image, link_id) values (11, 11, 'LATE', '2024-04-15', 11, 'in faucibus orci luctus et ultrices posuere cubilia curae duis faucibus accumsan odio', 'erat volutpat in congue etiam justo etiam pretium iaculis justo in hac habitasse', 'adipiscing elit proin risus praesent lectus vestibulum quam sapien varius', 11);
insert into answer_tasks (id, student_id, task_answer_status, date_of_send,  task_id, text, comment, image, link_id) values (12, 12, 'WAITING', '2024-04-30', 12, 'volutpat quam pede lobortis ligula sit amet eleifend pede libero quis orci nullam molestie nibh in', 'justo in hac habitasse platea dictumst etiam faucibus cursus urna ut tellus nulla ut erat id mauris', 'nisi eu orci mauris lacinia sapien quis libero nullam sit amet turpis elementum ligula vehicula consequat morbi a ipsum', 12);
insert into answer_tasks (id, student_id, task_answer_status, date_of_send,  task_id, text, comment, image, link_id) values (13, 13, 'LATE', '2024-04-17', 13, 'ipsum primis in faucibus orci luctus et ultrices posuere cubilia curae mauris viverra diam', 'platea dictumst maecenas ut massa quis augue luctus tincidunt nulla mollis molestie lorem quisque ut erat curabitur', 'est risus auctor sed tristique in tempus sit amet sem fusce consequat nulla nisl nunc', 13);
insert into answer_tasks (id, student_id, task_answer_status, date_of_send,  task_id, text, comment, image, link_id) values (14, 14, 'ACCEPTED', '2024-05-07', 14, 'ac est lacinia nisi venenatis tristique fusce congue diam id ornare imperdiet sapien', 'etiam justo etiam pretium iaculis justo in hac habitasse platea dictumst etiam', 'convallis tortor risus dapibus augue vel accumsan tellus nisi eu orci', 14);
insert into answer_tasks (id, student_id, task_answer_status, date_of_send, task_id, text, comment, image, link_id) values (15, 15, 'REJECTED', '2024-04-22', 15, 'orci luctus et ultrices posuere cubilia curae donec pharetra magna vestibulum aliquet ultrices erat tortor sollicitudin mi sit amet lobortis', 'velit nec nisi vulputate nonummy maecenas tincidunt lacus at velit vivamus vel nulla', 'nunc commodo placerat praesent blandit nam nulla integer pede justo lacinia eget', 15);
insert into answer_tasks (id, student_id, task_answer_status, date_of_send, task_id, text, comment, image, link_id) values (16, 16, 'REJECTED', '2024-05-07', 16, 'mauris ullamcorper purus sit amet nulla quisque arcu libero rutrum ac lobortis vel dapibus at', 'rutrum rutrum neque aenean auctor gravida sem praesent id massa id nisl venenatis lacinia aenean sit amet justo morbi ut', 'morbi porttitor lorem id ligula suspendisse ornare consequat lectus in est risus auctor', 16);
insert into answer_tasks (id, student_id, task_answer_status, date_of_send,  task_id, text, comment, image, link_id) values (17, 17, 'ACCEPTED', '2024-04-18', 17, 'dolor vel est donec odio justo sollicitudin ut suscipit a', 'suspendisse potenti in eleifend quam a odio in hac habitasse platea dictumst maecenas', 'a feugiat et eros vestibulum ac est lacinia nisi venenatis tristique', 17);
insert into answer_tasks (id, student_id, task_answer_status, date_of_send,  task_id, text, comment, image, link_id) values (18, 18, 'WAITING', '2024-04-28', 18, 'vestibulum rutrum rutrum neque aenean auctor gravida sem praesent id', 'tincidunt eget tempus vel pede morbi porttitor lorem id ligula suspendisse ornare consequat lectus in est', 'ut erat id mauris vulputate elementum nullam varius nulla facilisi cras non velit nec', 18);
insert into answer_tasks (id, student_id, task_answer_status, date_of_send,  task_id, text, comment, image, link_id) values (19, 19, 'LATE', '2024-04-30', 19, 'sapien cursus vestibulum proin eu mi nulla ac enim in tempor turpis nec', 'elementum pellentesque quisque porta volutpat erat quisque erat eros viverra eget congue eget semper', 'at turpis donec posuere metus vitae ipsum aliquam non mauris morbi non lectus aliquam sit', 19);
insert into answer_tasks (id, student_id, task_answer_status, date_of_send,  task_id, text, comment, image, link_id) values (20, 20, 'WAITING', '2024-04-18',  20, 'in felis donec semper sapien a libero nam dui proin leo odio porttitor', 'ut massa quis augue luctus tincidunt nulla mollis molestie lorem quisque ut erat curabitur gravida nisi at nibh', 'adipiscing elit proin risus praesent lectus vestibulum quam sapien varius ut blandit non interdum in ante vestibulum ante', 20);

insert into result_tasks (id,  created_at, instructor_id, comment, point) values (1,  '2024-04-25', 1, 'vel augue vestibulum ante ipsum primis in faucibus orci luctus et ultrices posuere cubilia curae donec pharetra magna vestibulum', 1);
insert into result_tasks (id,  created_at, instructor_id, comment, point) values (2,  '2024-04-30', 2, 'ac consequat metus sapien ut nunc vestibulum ante ipsum primis in faucibus orci', 5);
insert into result_tasks (id,  created_at, instructor_id, comment, point) values (3,  '2024-05-05', 3, 'sapien in sapien iaculis congue vivamus metus arcu adipiscing molestie hendrerit at vulputate vitae', 7);
insert into result_tasks (id,  created_at, instructor_id, comment, point) values (4,  '2024-04-27', 4, 'nunc nisl duis bibendum felis sed interdum venenatis turpis enim blandit mi in porttitor', 7);
insert into result_tasks (id,  created_at, instructor_id, comment, point) values (5,  '2024-04-24', 5, 'lorem vitae mattis nibh ligula nec sem duis aliquam convallis nunc proin at turpis a pede posuere', 5);
insert into result_tasks (id,  created_at, instructor_id, comment, point) values (6,  '2024-04-24', 6, 'lorem quisque ut erat curabitur gravida nisi at nibh in hac habitasse platea dictumst aliquam augue quam sollicitudin vitae', 8);
insert into result_tasks (id,  created_at, instructor_id, comment, point) values (7,  '2024-04-26', 7, 'consequat ut nulla sed accumsan felis ut at dolor quis odio', 1);
insert into result_tasks (id,  created_at, instructor_id, comment, point) values (8,  '2024-04-29', 8, 'malesuada in imperdiet et commodo vulputate justo in blandit ultrices enim lorem ipsum dolor sit amet consectetuer adipiscing', 3);
insert into result_tasks (id,  created_at, instructor_id, comment, point) values (9,  '2024-04-28', 9, 'felis sed interdum venenatis turpis enim blandit mi in porttitor pede justo eu massa donec dapibus duis at velit', 4);
insert into result_tasks (id,  created_at, instructor_id, comment, point) values (10,  '2024-05-04', 10, 'pretium iaculis justo in hac habitasse platea dictumst etiam faucibus cursus urna ut tellus nulla ut erat id', 4);
insert into result_tasks (id,  created_at, instructor_id, comment, point) values (11, '2024-04-16', 11, 'nulla nunc purus phasellus in felis donec semper sapien a libero nam', 6);
insert into result_tasks (id, created_at, instructor_id, comment, point) values (12,  '2024-05-07', 12, 'parturient montes nascetur ridiculus mus vivamus vestibulum sagittis sapien cum sociis', 4);
insert into result_tasks (id, created_at, instructor_id, comment, point) values (13,  '2024-04-23', 13, 'arcu adipiscing molestie hendrerit at vulputate vitae nisl aenean lectus pellentesque eget nunc donec quis orci', 1);
insert into result_tasks (id, created_at, instructor_id, comment, point) values (14,  '2024-04-17', 14, 'ut erat id mauris vulputate elementum nullam varius nulla facilisi cras non', 3);
insert into result_tasks (id, created_at, instructor_id, comment, point) values (15,  '2024-04-14', 15, 'etiam pretium iaculis justo in hac habitasse platea dictumst etiam faucibus', 9);
insert into result_tasks (id, created_at, instructor_id, comment, point) values (16,  '2024-05-01', 16, 'in quis justo maecenas rhoncus aliquam lacus morbi quis tortor id nulla ultrices aliquet maecenas leo odio condimentum', 7);
insert into result_tasks (id, created_at, instructor_id, comment, point) values (17,  '2024-04-23', 17, 'sed ante vivamus tortor duis mattis egestas metus aenean fermentum', 2);
insert into result_tasks (id,created_at, instructor_id, comment, point) values (18,  '2024-04-23', 18, 'imperdiet sapien urna pretium nisl ut volutpat sapien arcu sed augue aliquam erat volutpat in', 5);
insert into result_tasks (id, created_at, instructor_id, comment, point) values (19,  '2024-04-21', 19, 'vitae nisl aenean lectus pellentesque eget nunc donec quis orci eget orci vehicula condimentum curabitur in libero ut massa', 10);
insert into result_tasks (id,  created_at, instructor_id, comment, point) values (20,  '2024-04-24', 20, 'mauris viverra diam vitae quam suspendisse potenti nullam porttitor lacus at turpis', 2);

insert into result_tests (id, test_id, creation_date, student_id, point) values (1, 1, '2024-04-16', 1, 5);
insert into result_tests (id, test_id, creation_date, student_id, point) values (2, 2, '2024-05-08', 2, 1);
insert into result_tests (id, test_id, creation_date, student_id, point) values (3, 3, '2024-05-04', 3, 4);
insert into result_tests (id, test_id, creation_date, student_id, point) values (4, 4, '2024-04-20', 4, 5);
insert into result_tests (id, test_id, creation_date, student_id, point) values (5, 5, '2024-04-19', 5, 8);
insert into result_tests (id, test_id, creation_date, student_id, point) values (6, 6, '2024-04-14', 6, 3);
insert into result_tests (id, test_id, creation_date, student_id, point) values (7, 7, '2024-05-04', 7, 9);
insert into result_tests (id, test_id, creation_date, student_id, point) values (8, 8, '2024-04-19', 8, 7);
insert into result_tests (id, test_id, creation_date, student_id, point) values (9, 9, '2024-04-14', 9, 2);
insert into result_tests (id, test_id, creation_date, student_id, point) values (10, 10, '2024-05-04', 10, 1);
insert into result_tests (id, test_id, creation_date, student_id, point) values (11, 11, '2024-04-21', 11, 9);
insert into result_tests (id, test_id, creation_date, student_id, point) values (12, 12, '2024-04-23', 12, 8);
insert into result_tests (id, test_id, creation_date, student_id, point) values (13, 13, '2024-04-26', 13, 9);
insert into result_tests (id, test_id, creation_date, student_id, point) values (14, 14, '2024-05-07', 14, 8);
insert into result_tests (id, test_id, creation_date, student_id, point) values (15, 15, '2024-04-27', 15, 3);
insert into result_tests (id, test_id, creation_date, student_id, point) values (16, 16, '2024-04-19', 16, 4);
insert into result_tests (id, test_id, creation_date, student_id, point) values (17, 17, '2024-05-01', 17, 10);
insert into result_tests (id, test_id, creation_date, student_id, point) values (18, 18, '2024-04-15', 18, 7);
insert into result_tests (id, test_id, creation_date, student_id, point) values (19, 19, '2024-04-20', 19, 6);
insert into result_tests (id, test_id, creation_date, student_id, point) values (20, 20, '2024-04-10', 20, 10);

insert into notifications (id, created_at, description, result_task_id, title, instructor_id, student_id, task_id, is_view) values (1, '2023-08-01', 'Nondisplaced fracture of first metatarsal bone, left foot, subsequent encounter for fracture with malunion',1, 'Rosary Snoutbean', 1, 1, 1, 'FALSE');
insert into notifications (id, created_at, description, result_task_id, title, instructor_id, student_id, task_id, is_view) values (2, '2023-12-27', 'Contact with other nonpowered hand tool, initial encounter',2, 'Pacific Lovegrass', 2, 2, 2, 'TRUE');
insert into notifications (id, created_at, description, result_task_id, title, instructor_id, student_id, task_id, is_view) values (3, '2023-12-25', 'Complete physeal arrest, right proximal tibia',3, 'Spiritweed', 3, 3, 3, 'TRUE');
insert into notifications (id, created_at, description, result_task_id, title, instructor_id, student_id, task_id, is_view) values (4, '2023-09-13', 'Cannabis dependence with psychotic disorder with hallucinations',4, 'Luquillo Mountain Babyboot Orchid', 4, 4, 4, 'FALSE');
insert into notifications (id, created_at, description, result_task_id, title, instructor_id, student_id, task_id, is_view) values (5, '2024-02-07', 'Other snow-ski accident', 5,'Spring Phacelia', 5, 5, 5, 'TRUE');
insert into notifications (id, created_at, description, result_task_id, title, instructor_id, student_id, task_id, is_view) values (6, '2023-08-27', 'Total perforations of tympanic membrane, bilateral', 6,'Heath False Brome', 6, 6, 6, 'TRUE');
insert into notifications (id, created_at, description, result_task_id, title, instructor_id, student_id, task_id, is_view) values (7, '2024-03-04', 'Complete lesion at C7 level of cervical spinal cord, sequela', 7,'Barundi Dropseed', 7, 7, 7, 'FALSE');
insert into notifications (id, created_at, description, result_task_id, title, instructor_id, student_id, task_id, is_view) values (8, '2023-09-28', 'Dislocation of unspecified thoracic vertebra, sequela',8, 'American Hazelnut', 8, 8, 8, 'TRUE');
insert into notifications (id, created_at, description, result_task_id, title, instructor_id, student_id, task_id, is_view) values (9, '2024-01-12', 'Other displaced fracture of base of first metacarpal bone, right hand, initial encounter for open fracture',9, 'Sierra Stonecrop', 9, 9, 9, 'FALSE');
insert into notifications (id, created_at, description, result_task_id, title, instructor_id, student_id, task_id, is_view) values (10, '2024-02-04', 'Pneumonia due to other specified bacteria',10, 'Showy Alpine Ragwort', 10, 10, 10, 'FALSE');
insert into notifications (id, created_at, description, result_task_id, title, instructor_id, student_id, task_id, is_view) values (11, '2024-04-04', 'Exposure to high air pressure from rapid descent in water',11, 'Mat Prickly Phlox', 11, 11, 11, 'TRUE');
insert into notifications (id, created_at, description, result_task_id, title, instructor_id, student_id, task_id, is_view) values (12, '2023-10-09', 'Nondisplaced fracture of capitate [os magnum] bone, unspecified wrist, subsequent encounter for fracture with delayed healing',12, 'Pacific Lecidea Lichen', 12, 12, 12, 'TRUE');
insert into notifications (id, created_at, description, result_task_id, title, instructor_id, student_id, task_id, is_view) values (13, '2024-02-26', 'Military operations involving other destruction of aircraft, military personnel, initial encounter',13, 'Sierra Stonecrop', 13, 13, 13, 'TRUE');
insert into notifications (id, created_at, description, result_task_id, title, instructor_id, student_id, task_id, is_view) values (14, '2023-11-30', 'Obstructed labor due to malposition and malpresentation, unspecified',14, 'Dwarf Russian Almond', 14, 14, 14, 'TRUE');
insert into notifications (id, created_at, description, result_task_id, title, instructor_id, student_id, task_id, is_view) values (15, '2023-09-19', 'Neoplasm of uncertain behavior of right ureter', 15,'Matted Lichen', 15, 15, 15, 'TRUE');
insert into notifications (id, created_at, description, result_task_id, title, instructor_id, student_id, task_id, is_view) values (16, '2023-12-10', 'Poisoning by butyrophenone and thiothixene neuroleptics, intentional self-harm, sequela',16, 'Shameplant', 16, 16, 16, 'FALSE');
insert into notifications (id, created_at, description, result_task_id, title, instructor_id, student_id, task_id, is_view) values (17, '2023-11-04', 'Unspecified fracture of head of left femur, subsequent encounter for open fracture type I or II with malunion',17, 'Flame Orchid', 17, 17, 17, 'TRUE');
insert into notifications (id, created_at, description, result_task_id, title, instructor_id, student_id, task_id, is_view) values (18, '2023-10-26', 'Car driver injured in collision with heavy transport vehicle or bus in nontraffic accident, sequela',18, 'Patagonia Mountain Leatherpetal', 18, 18, 18, 'FALSE');
insert into notifications (id, created_at, description, result_task_id, title, instructor_id, student_id, task_id, is_view) values (19, '2023-09-28', 'Kidney dialysis as the cause of abnormal reaction of the patient, or of later complication, without mention of misadventure at the time of the procedure',19, 'Big Chickweed', 19, 19, 19, 'TRUE');
insert into notifications (id, created_at, description, result_task_id, title, instructor_id, student_id, task_id, is_view) values (20, '2023-05-09', 'Other specified pregnancy related conditions, unspecified trimester',20, 'Melaspilea Lichen', 20, 20, 20, 'FALSE');

insert into instructors_notifications (instructor_id, notifications_id) values (1, 1);
insert into instructors_notifications (instructor_id, notifications_id) values (2, 2);
insert into instructors_notifications (instructor_id, notifications_id) values (3, 3);
insert into instructors_notifications (instructor_id, notifications_id) values (4, 4);
insert into instructors_notifications (instructor_id, notifications_id) values (5, 5);
insert into instructors_notifications (instructor_id, notifications_id) values (6, 6);
insert into instructors_notifications (instructor_id, notifications_id) values (7, 7);
insert into instructors_notifications (instructor_id, notifications_id) values (8, 8);
insert into instructors_notifications (instructor_id, notifications_id) values (9, 9);
insert into instructors_notifications (instructor_id, notifications_id) values (10, 10);
insert into instructors_notifications (instructor_id, notifications_id) values (11, 11);
insert into instructors_notifications (instructor_id, notifications_id) values (12, 12);
insert into instructors_notifications (instructor_id, notifications_id) values (13, 13);
insert into instructors_notifications (instructor_id, notifications_id) values (14, 14);
insert into instructors_notifications (instructor_id, notifications_id) values (15, 15);
insert into instructors_notifications (instructor_id, notifications_id) values (16, 16);
insert into instructors_notifications (instructor_id, notifications_id) values (17, 17);
insert into instructors_notifications (instructor_id, notifications_id) values (18, 18);
insert into instructors_notifications (instructor_id, notifications_id) values (19, 19);
insert into instructors_notifications (instructor_id, notifications_id) values (20, 20);

insert into result_tests_options (result_test_id, options_id) values (1, 1);
insert into result_tests_options (result_test_id, options_id) values (2, 2);
insert into result_tests_options (result_test_id, options_id) values (3, 3);
insert into result_tests_options (result_test_id, options_id) values (4, 4);
insert into result_tests_options (result_test_id, options_id) values (5, 5);
insert into result_tests_options (result_test_id, options_id) values (6, 6);
insert into result_tests_options (result_test_id, options_id) values (7, 7);
insert into result_tests_options (result_test_id, options_id) values (8, 8);
insert into result_tests_options (result_test_id, options_id) values (9, 9);
insert into result_tests_options (result_test_id, options_id) values (10, 10);
insert into result_tests_options (result_test_id, options_id) values (11, 11);
insert into result_tests_options (result_test_id, options_id) values (12, 12);
insert into result_tests_options (result_test_id, options_id) values (13, 13);
insert into result_tests_options (result_test_id, options_id) values (14, 14);
insert into result_tests_options (result_test_id, options_id) values (15, 15);
insert into result_tests_options (result_test_id, options_id) values (16, 16);
insert into result_tests_options (result_test_id, options_id) values (17, 17);
insert into result_tests_options (result_test_id, options_id) values (18, 18);
insert into result_tests_options (result_test_id, options_id) values (19, 19);
insert into result_tests_options (result_test_id, options_id) values (20, 20);

insert into tasks_answer_tasks (answer_tasks_id, task_id) values (1, 1);
insert into tasks_answer_tasks (answer_tasks_id, task_id) values (2, 2);
insert into tasks_answer_tasks (answer_tasks_id, task_id) values (3, 3);
insert into tasks_answer_tasks (answer_tasks_id, task_id) values (4, 4);
insert into tasks_answer_tasks (answer_tasks_id, task_id) values (5, 5);
insert into tasks_answer_tasks (answer_tasks_id, task_id) values (6, 6);
insert into tasks_answer_tasks (answer_tasks_id, task_id) values (7, 7);
insert into tasks_answer_tasks (answer_tasks_id, task_id) values (8, 8);
insert into tasks_answer_tasks (answer_tasks_id, task_id) values (9, 9);
insert into tasks_answer_tasks (answer_tasks_id, task_id) values (10, 10);
insert into tasks_answer_tasks (answer_tasks_id, task_id) values (11, 11);
insert into tasks_answer_tasks (answer_tasks_id, task_id) values (12, 12);
insert into tasks_answer_tasks (answer_tasks_id, task_id) values (13, 13);
insert into tasks_answer_tasks (answer_tasks_id, task_id) values (14, 14);
insert into tasks_answer_tasks (answer_tasks_id, task_id) values (15, 15);
insert into tasks_answer_tasks (answer_tasks_id, task_id) values (16, 16);
insert into tasks_answer_tasks (answer_tasks_id, task_id) values (17, 17);
insert into tasks_answer_tasks (answer_tasks_id, task_id) values (18, 18);
insert into tasks_answer_tasks (answer_tasks_id, task_id) values (19, 19);
insert into tasks_answer_tasks (answer_tasks_id, task_id) values (20, 20);

update  answer_tasks set result_task_id =1 where id =1;
update  answer_tasks set result_task_id =2 where id =2;
update  answer_tasks set result_task_id =3 where id =3;
update  answer_tasks set result_task_id =4 where id =4;
update  answer_tasks set result_task_id =5 where id =5;
update  answer_tasks set result_task_id =6 where id =6;
update  answer_tasks set result_task_id =7 where id =7;
update  answer_tasks set result_task_id =8 where id =8;
update  answer_tasks set result_task_id =9 where id =9;
update  answer_tasks set result_task_id =10 where id =10;
update  answer_tasks set result_task_id =11 where id =11;
update  answer_tasks set result_task_id =12 where id =12;
update  answer_tasks set result_task_id =13 where id =13;
update  answer_tasks set result_task_id =14 where id =14;
update  answer_tasks set result_task_id =15 where id =15;
update  answer_tasks set result_task_id =16 where id =16;
update  answer_tasks set result_task_id =17 where id =17;
update  answer_tasks set result_task_id =18 where id =18;
update  answer_tasks set result_task_id =19 where id =19;
update  answer_tasks set result_task_id =20 where id =20;

update  result_tasks set answer_task_id =1 where id =1;
update  result_tasks set answer_task_id =2 where id =2;
update  result_tasks set answer_task_id =3 where id =3;
update  result_tasks set answer_task_id =4 where id =4;
update  result_tasks set answer_task_id=5 where id =5;
update  result_tasks set answer_task_id =6 where id =6;
update  result_tasks set answer_task_id =7 where id =7;
update result_tasks set answer_task_id =8 where id =8;
update  result_tasks set answer_task_id =9 where id =9;
update  result_tasks set answer_task_id =10 where id =10;
update  result_tasks set answer_task_id =11 where id =11;
update  result_tasks set answer_task_id =12 where id =12;
update  result_tasks set answer_task_id =13 where id =13;
update result_tasks set answer_task_id =14 where id =14;
update  result_tasks set answer_task_id =15 where id =15;
update result_tasks set answer_task_id =16 where id =16;
update  result_tasks set answer_task_id =17 where id =17;
update result_tasks set answer_task_id =18 where id =18;
update  result_tasks set answer_task_id =19 where id =19;
update result_tasks set answer_task_id =20 where id =20;

update  students set group_id =1 where id =1;
update  students set group_id =2 where id =2;
update students set group_id =3 where id =3;
update  students set group_id =4 where id =4;
update  students set group_id=5 where id =5;
update students set group_id =6 where id =6;
update  students set group_id =7 where id =7;
update students set group_id =8 where id =8;
update  students set group_id =9 where id =9;
update  students set group_id =10 where id =10;
update  students set group_id =11 where id =11;
update  students set group_id =12 where id =12;
update  students set group_id =13 where id =13;
update students set group_id =14 where id =14;
update  students set group_id =15 where id =15;
update students set group_id =16 where id =16;
update  students set group_id =17 where id =17;
update students set group_id =18 where id =18;
update  students set group_id =19 where id =19;
update students set group_id =20 where id =20;

update  instructors set course_id =1 where id =1;
update  instructors set course_id =2 where id =2;
update instructors set course_id =3 where id =3;
update  instructors set course_id =4 where id =4;
update  instructors set course_id =5 where id =5;
update instructors set course_id =6 where id =6;
update  instructors set course_id =7 where id =7;
update instructors set course_id =8 where id =8;
update  instructors set course_id =9 where id =9;
update  instructors set course_id =10 where id =10;
update  instructors set course_id =11 where id =11;
update  instructors set course_id =12 where id =12;
update  instructors set course_id =13 where id =13;
update instructors set course_id =14 where id =14;
update  instructors set course_id=15 where id =15;
update instructors set course_id =16 where id =16;
update  instructors set course_id =17 where id =17;
update instructors set course_id =18 where id =18;
update  instructors set course_id =19 where id =19;
update instructors set course_id =20 where id =20;