
insert into groups (id, title, date_of_start, date_of_end, description, image)
values (1, 'java1', '2024/04/03', '2025-04-09', 'Excision of Left Cephalic Vein, Open Approach',
        'https://app.slack.com/client/T023L1WBFLH/D06LTL4STDH');
insert into groups (id, title, date_of_start, date_of_end, description, image)
values (2, 'java2', '2024/04/06', '2025-04-09',
        'Drainage of Bilateral Breast with Drainage Device, Via Natural or Artificial Opening',
        'https://app.slack.com/client/T023L1WBFLH/D06LTL4STDH');
insert into groups (id, title, date_of_start, date_of_end, description, image)
values (3, 'java3', '2024/04/03', '2025-04-09', 'Drainage of Right Upper Femur, Percutaneous Approach',
        'https://app.slack.com/client/T023L1WBFLH/D06LTL4STDH');
insert into groups (id, title, date_of_start, date_of_end, description, image)
values (4, 'java4', '2024/04/03', '2025-04-09',
        'Bypass Left Brachial Artery to Upper Arm Vein with Autologous Venous Tissue, Open Approach',
        'https://app.slack.com/client/T023L1WBFLH/D06LTL4STDH');
insert into groups (id, title, date_of_start, date_of_end, description, image)
values (5, 'java5', '2024/04/07', '2025-04-09', 'Release Left Mastoid Sinus, Percutaneous Endoscopic Approach',
        'https://app.slack.com/client/T023L1WBFLH/D06LTL4STDH');
insert into groups (id, title, date_of_start, date_of_end, description, image)
values (6, 'java6', '2024/04/04', '2025-04-09', 'Replacement of Nose with Synthetic Substitute, Open Approach',
        'https://app.slack.com/client/T023L1WBFLH/D06LTL4STDH');
insert into groups (id, title, date_of_start, date_of_end, description, image)
values (7, 'java7', '2024/04/04', '2025-04-09', 'Extirpation of Matter from Right External Ear, Percutaneous Approach',
        'https://app.slack.com/client/T023L1WBFLH/D06LTL4STDH');
insert into groups (id, title, date_of_start, date_of_end, description, image)
values (8, 'java8', '2024/04/04', '2025-04-09', 'Destruction of Right Elbow Bursa and Ligament, Percutaneous Approach',
        'https://app.slack.com/client/T023L1WBFLH/D06LTL4STDH');
insert into groups (id, title, date_of_start, date_of_end, description, image)
values (9, 'java9', '2024/04/07', '2025-04-09',
        'Bypass Right Hand Vein to Upper Vein, Percutaneous Endoscopic Approach',
        'https://app.slack.com/client/T023L1WBFLH/D06LTL4STDH');
insert into groups (id, title, date_of_start, date_of_end, description, image)
values (10, 'java10', '2024/04/04', '2025-04-09', 'Restriction of Cecum with Extraluminal Device, Open Approach',
        'https://app.slack.com/client/T023L1WBFLH/D06LTL4STDH');
insert into groups (id, title, date_of_start, date_of_end, description, image)
values (11, 'js1', '2024/04/05', '2025-04-09',
        'Dilation of Hymen with Intraluminal Device, Via Natural or Artificial Opening Endoscopic',
        'https://app.slack.com/client/T023L1WBFLH/D06LTL4STDH');
insert into groups (id, title, date_of_start, date_of_end, description, image)
values (12, 'js2', '2024/04/03', '2025-04-09', 'Hyperthermia of Bile Ducts',
        'https://app.slack.com/client/T023L1WBFLH/D06LTL4STDH');
insert into groups (id, title, date_of_start, date_of_end, description, image)
values (13, 'js3', '2024/04/03', '2025-04-09', 'Dilation of Right Foot Artery, Percutaneous Approach',
        'https://app.slack.com/client/T023L1WBFLH/D06LTL4STDH');
insert into groups (id, title, date_of_start, date_of_end, description, image)
values (14, 'js4', '2024/04/06', '2025-04-09',
        'Introduction of Other Gas into Epidural Space, Via Natural or Artificial Opening',
        'https://app.slack.com/client/T023L1WBFLH/D06LTL4STDH');
insert into groups (id, title, date_of_start, date_of_end, description, image)
values (15, 'js5', '2024/04/05', '2025-04-09',
        'Revision of Internal Fixation Device in Left Femoral Shaft, Percutaneous Approach',
        'https://app.slack.com/client/T023L1WBFLH/D06LTL4STDH');
insert into groups (id, title, date_of_start, date_of_end, description, image)
values (16, 'js6', '2024/04/03', '2025-04-09',
        'Introduction of Radioactive Substance into Biliary and Pancreatic Tract, Percutaneous Approach',
        'https://app.slack.com/client/T023L1WBFLH/D06LTL4STDH');
insert into groups (id, title, date_of_start, date_of_end, description, image)
values (17, 'js7', '2024/04/07', '2025-04-09', 'Beam Radiation of Mandible using Electrons',
        'https://app.slack.com/client/T023L1WBFLH/D06LTL4STDH');
insert into groups (id, title, date_of_start, date_of_end, description, image)
values (18, 'js8', '2024/04/04', '2025-04-09', 'Excision of Hypoglossal Nerve, Percutaneous Endoscopic Approach',
        'https://app.slack.com/client/T023L1WBFLH/D06LTL4STDH');
insert into groups (id, title, date_of_start, date_of_end, description, image)
values (19, 'js9', '2024/04/03', '2025-04-09', 'Drainage of Right Conjunctiva, External Approach, Diagnostic',
        'https://app.slack.com/client/T023L1WBFLH/D06LTL4STDH');
insert into groups (id, title, date_of_start, date_of_end, description, image)
values (20, 'js10', '2024/04/08', '2025-04-09', 'Revision of Synthetic Substitute in Left Patella, Open Approach',
        'https://app.slack.com/client/T023L1WBFLH/D06LTL4STDH');

insert into users (id, full_name, email, password, role, block, phone_number)
values (1, 'Aman Raimbekov', 'admin@gmail.com', '$2a$12$ETwPTjTxa5o8Rok7TSqLmeex/cRtWSfMXYtlQ1DQTChy5DkXwzgHK', 'ADMIN',
        'FALSE', '+996');
insert into users (id, full_name, email, password, role, block, phone_number)
values (2, 'Nurkamil Kamchiev', 'nurkamilkamchiev@gmail.com',
        '$2a$12$C7tCVrsJMMUlQZ2x3/drp.r2OdntFYaL9OJ8cK2KVde8myUAF5xlm', 'INSTRUCTOR', 'FALSE', '+996500965456');
insert into users (id, full_name, email, password, role, block, phone_number)
values (3, 'Gulumkan Uson kyzy', 'student@gmail.com', '$2a$12$PH8Sb7l275Af68N0d/49o.fStIU4pzuYUdOHiVkVnvzlzdxmrmOza',
        'STUDENT', 'FALSE', '+996700768594');
insert into users (id, full_name, email, password, role, block, phone_number)
values (4, 'Nurmuhemmed Medetov', 'medetov@gmail.com', '$2a$12$CetPa30U0d5fHbe2xn1UGurrR1eSYKsDeudVsihhRU5inKAO6FmAG',
        'INSTRUCTOR', 'TRUE', '+996706584876');
insert into users (id, full_name, email, password, role, block, phone_number)
values (5, 'Myrzaim Keldibekova', 'myrzaim@gmail.com', '$2a$12$c34.DpY6pluuOGddMtgqzOunBtQIGqanvTgh7p.Howc7w2ziH5hUq',
        'INSTRUCTOR', 'TRUE', '+99650954372');
insert into users (id, full_name, email, password, role, block, phone_number)
values (6, 'Mirlan Arstanbekov', 'mirlan@gmail.com', '$2a$12$kbWolVsK/Kp6wmcRKvdv2eH/V3kga1rA7t5IsvWsm8fVxFnOPKbiW',
        'INSTRUCTOR', 'TRUE', '+996506981197');
insert into users (id, full_name, email, password, role, block, phone_number)
values (7, 'Aliaskar Temirbekov', 'aliaskar@gmail.com', '$2a$12$rCjGrV7L4H/dw9l2FtVfRe0jvwxYxalFIA/4m834nQZWapBcJLyKG',
        'INSTRUCTOR', 'FALSE', '+996705110999');
insert into users (id, full_name, email, password, role, block, phone_number)
values (8, 'Karina Bokombaeva', 'karina@gmail.com', '$2a$12$ZkCFlxDpWLzzRiqiDh7DBuaeqhKEozHfqk4dMe.sGDhPGQrpk7HMK',
        'INSTRUCTOR', 'TRUE', '+996702093354');
insert into users (id, full_name, email, password, role, block, phone_number)
values (9, 'Alisher Keneshov', 'alisher@gmail.com', '$2a$12$K2QkNSNQvf.bPaM2vu2p1.KRaINiz1ZOAU/lxK83/Ay9OJ5t/3NOK`',
        'INSTRUCTOR', 'FALSE', '+996703091232');
insert into users (id, full_name, email, password, role, block, phone_number)
values (10, 'Erbol Jakypov', 'jakypov@gmail.com', '$2a$12$XK0/fmiXfQrt/4dCglyRPuUWR5VgAlL9E/qHHmRcyW6lnv3eJgxPy',
        'INSTRUCTOR', 'TRUE', '+996502091108');
insert into users (id, full_name, email, password, role, block, phone_number)
values (11, 'Erbol Aidarbekov', 'erbol@gmail.com', '$2a$12$5YU8LD0PjHHWMncif6GVyu6X0yHnUTPKNI1B6RTwY79o4D0qqhBZW',
        'INSTRUCTOR', 'TRUE', '+996505675438');
insert into users (id, full_name, email, password, role, block, phone_number)
values (12, 'Adilet Artykov', 'artykov@gmail.com', '$2a$12$hT6uCQR3kV2W4hK6yDx02O1W7NoKPCEPs1rhludCLKST/5dPb04OW',
        'INSTRUCTOR', 'FALSE', '+996990085547');
insert into users (id, full_name, email, password, role, block, phone_number)
values (13, 'Erzhan Sagyndykov', 'erzhan@gmail.com', '$2a$12$ulZDnOyp1N2KsT1om76qkew5UNQ7YbgdRd4ddBANHOhixld1y3oyq',
        'INSTRUCTOR', 'FALSE', '+996999652884');
insert into users (id, full_name, email, password, role, block, phone_number)
values (14, 'Daulet Alimbekov', 'daulet@gmail.com', '$2a$12$lVD2AyWgJ2Ypzgk9ljOBxezQ6zkAD3Sn56xjkyYi/I3VTuHOOjnoO',
        'INSTRUCTOR', 'FALSE', '+996909764875');
insert into users (id, full_name, email, password, role, block, phone_number)
values (15, 'Nurbol Melisbekov', 'nurbol@gmail.com', '$2a$12$vGXxPO74z2e2rxAeM/seIuvnv9s9PADhLzdpSFZh0VZUZuElEFl2W',
        'INSTRUCTOR', 'TRUE', '+996502098875');
insert into users (id, full_name, email, password, role, block, phone_number)
values (16, 'Alinur Taalaibekov', 'alinur@gmail.com', '$2a$12$C6QrQ16obu.2MobSNS5jWOQv5aNAPQHCzZVx8.S16NFj554qbHoUq',
        'INSTRUCTOR', 'FALSE', '+996555986574');
insert into users (id, full_name, email, password, role, block, phone_number)
values (17, 'Almir Kambarbekov', 'almir@gmail.com', '$2a$12$SCIxOXpKeVz/ZFzSU8ZBT.Bvi1mEuEQ7r1lHYYiVd9WC7g8QvHZVK',
        'INSTRUCTOR', 'TRUE', '+9965020912107');
insert into users (id, full_name, email, password, role, block, phone_number)
values (18, 'Amantur Esengulov', 'amantur@gmail.com', '$2a$12$GPY1/JLL/DOXnmRpIObbeOGcU4KgZyqvzvUEJxAho0wHOKB6d0HMq',
        'INSTRUCTOR', 'FALSE', '+996707083307');
insert into users (id, full_name, email, password, role, block, phone_number)
values (19, 'Keldibek Sadykov', 'keldibek@gmail.com', '$2a$12$vfsQ.Fzk/SHQx9DbNgNDf.2PMO0UtctCfsgFv.viXxqSFlj.v9fx6',
        'INSTRUCTOR', 'TRUE', '+996509867546');
insert into users (id, full_name, email, password, role, block, phone_number)
values (20, 'Adilet Aibekov', 'adilet@gmail.com', '$2a$12$l0t97cung/VftD/8piszNus5AlnFtXNENVcTd88SGuGpjiLjGgjfi',
        'INSTRUCTOR', 'TRUE', '+996703857463');
insert into users (id, full_name, email, password, role, block, phone_number)
values (21, 'Jigit Turumbekov', 'jigit@gmail.com', '$2a$12$MD5QVCndF1mscnMee159Ie9tMepgxIkMi4YTKfhbQ.zdda2Y/7djy',
        'STUDENT', 'TRUE', '+996709546327');
insert into users (id, full_name, email, password, role, block, phone_number)
values (22, 'Urmat Taichikov', 'urmat@gmail.com', '$2a$12$XVySJPMFrbHLEXe6kOiB/OhDDjsd7QQTxfGfIQnLHOQ1dtyaqX.DS',
        'STUDENT', 'FALSE', '+996705098658');
insert into users (id, full_name, email, password, role, block, phone_number)
values (23, 'Kandybek Muktarbekov', 'kandy@gmail.comu', '$2a$12$Iw69zPsNVIuOuxb9XIgTauMS1Y3QoZ3ttdenlY2vWIcdfGaXwEp8a',
        'STUDENT', 'TRUE', '+996709665873');
insert into users (id, full_name, email, password, role, block, phone_number)
values (24, 'Atai Turatbekov', 'atai@gmail.com', '$2a$12$zfneK6CGwBLnJ6ibhHEfq.j4xSdXMU.eDJCOG8Vy1znmjNxhryma.',
        'STUDENT', 'FALSE', '+996502098879');
insert into users (id, full_name, email, password, role, block, phone_number)
values (25, 'Joki Kalganbekov', 'joki@gmail.com', '$2a$12$giSLU2vzLtFqbiWqOBhRW.WDBSp6Kc9qo4HsssDvTwwgp1hoxptJC',
        'STUDENT', 'FALSE', '+996500789605');
insert into users (id, full_name, email, password, role, block, phone_number)
values (26, 'Nazima Abdyldabekova', 'nazima@gmail.com', '$2a$12$CtjwEOY62rNmg2WPUxCSeOPkkJ2dzxb2mOfSUrPA8UXnhEabVShOm',
        'STUDENT', 'FALSE', '+996707092454');
insert into users (id, full_name, email, password, role, block, phone_number)
values (27, 'Yryskeldi Apyshov', 'yryskeldi@gmail.com', '$2a$12$bvkd1OQD3F7sfx1URl7RHuaqMj8K0zBGS9Re9Q4ZMESsdW1yQ1/42',
        'STUDENT', 'TRUE', '+996775648334');
insert into users (id, full_name, email, password, role, block, phone_number)
values (28, 'Adis Suiunbekov', 'adis@gmail.com', '$2a$12$caoYq90FkzjJt5NttqBnme/xg5aRHbXmSarmfKnHPFWJFjc7kXGOq',
        'STUDENT', 'TRUE', '+996500098673');
insert into users (id, full_name, email, password, role, block, phone_number)
values (29, 'Roi Jons', 'roi@gmail.com', '$2a$12$.MktJzvlQDOFomQc.Vm8a.VlyK0CjaUZ2jjsWL1CPGdUvxgjAiOUy', 'STUDENT',
        'FALSE', '+996708675936');
insert into users (id, full_name, email, password, role, block, phone_number)
values (30, 'Tony Ferguson', 'ferguson@gmail.com', '$2a$12$7VyDiCwqsZBxfU2lxpYRnOqp7LvLhv336agNdSBpcF0oLcEQ1Ec.O',
        'STUDENT', 'FALSE', '+996703746352');
insert into users (id, full_name, email, password, role, block, phone_number)
values (31, 'Khabib Nurmagamedov', 'khabib@gmail.com', '$2a$12$3gpZR.esouEUhQ3fCeBC0.LjWL2lhvszIugDFVFA86yrhFM8Zjb02',
        'STUDENT', 'TRUE', '+99501099999');
insert into users (id, full_name, email, password, role, block, phone_number)
values (32, 'Leonel Messi', 'messi@gmail.com', '$2a$12$AhW18waWqHGVRhRLVaNI9O/SN8i21fZUQbf10DsDl0fNi2.U5I9RO',
        'STUDENT', 'TRUE', '+996777654321');
insert into users (id, full_name, email, password, role, block, phone_number)
values (33, 'Cristiano Ronaldo', 'ronaldo@gmail.com', '$2a$12$gs0xbtaWQLNc7jOLHR1s5eXgrpQJFSXytfOBYsoFMxtJQswCBBP8O',
        'STUDENT', 'FALSE', '+996503456789');
insert into users (id, full_name, email, password, role, block, phone_number)
values (34, 'Tony Cross', 'tony@gmail.com', '$2a$12$oDB8al0vBB/KTlzLXh2ErOptdDsLkme5D3vFV8cluemMatviAX3vW', 'STUDENT',
        'FALSE', '+996701222333');
insert into users (id, full_name, email, password, role, block, phone_number)
values (35, 'Luka Modric', 'modric@gmail.com', '$2a$12$c3/EDftzHQ5Xf7KH8DPOpOmN5TxlzpzLWafPQWlQFWQnqjYNQP.e2',
        'STUDENT', 'FALSE', '+996777888999');
insert into users (id, full_name, email, password, role, block, phone_number)
values (36, 'Kylian Mbappe', 'mbappe@gmail.com', '$2a$12$KrTcc2u.2NFkRCgcJXlUj.NK7cjRtDXk3svpDinBhs9uwi7URMYe.',
        'STUDENT', 'FALSE', '+996555666777');
insert into users (id, full_name, email, password, role, block, phone_number)
values (37, 'Muhammad Salah', 'salah@gmail.com', '$2a$12$r8hC0MnmCBxyTsnuExm6EuJtF50/e7azn3MVg7pRhtWbdooilFYKW',
        'STUDENT', 'FALSE', '+996503444555');
insert into users (id, full_name, email, password, role, block, phone_number)
values (38, 'Nurlan Abibillaev', 'nurlan@gmail.com', '$2a$12$WTL9Ha0wsTBd.Y6VsK7AY.L2lDPb4Z6wcmGLo3a537c1g0ofNiSw6',
        'STUDENT', 'FALSE', '+996502333443');
insert into users (id, full_name, email, password, role, block, phone_number)
values (39, 'Nurislam Toigumbaev', 'nurislam@gmail.com', '$2a$12$CG3ByY1D6m2xsQ0MWWVUMe6OD74wO0V.YmwSH9y4CgCCR1i4QQ0C2',
        'STUDENT', 'TRUE', '+996503094543');
insert into users (id, full_name, email, password, role, block, phone_number)
values (40, 'Elebesov Muktar', 'muktar@gmail.com', '$2a$12$VA5y7.IQeF9CAwKScf70AOw99K0bDnNxHaFxJw6q/OzNy/9yZkClC',
        'STUDENT', 'TRUE', '+996707174093', 'STUDENT');

insert into students (id, user_id, study_format, group_id, created_at, type)
values (1, 21, 'OFFLINE', 1, '2024-4-12', 'STUDENT');
insert into students (id, user_id, study_format, group_id, created_at, type)
values (2, 22, 'ONLINE', 1, '2024-4-12', 'STUDENT');
insert into students (id, user_id, study_format, group_id, created_at, type)
values (3, 23, 'OFFLINE', 1, '2024-4-12', 'STUDENT');
insert into students (id, user_id, study_format, group_id, created_at, type)
values (4, 24, 'OFFLINE', 2, '2024-4-12', 'STUDENT');
insert into students (id, user_id, study_format, group_id, created_at, type)
values (5, 25, 'ONLINE', 2, '2024-4-12', 'STUDENT');
insert into students (id, user_id, study_format, group_id, created_at, type)
values (6, 26, 'OFFLINE', 2, '2024-4-12', 'STUDENT');
insert into students (id, user_id, study_format, group_id, created_at, type)
values (7, 27, 'OFFLINE', 3, '2024-4-12', 'STUDENT');
insert into students (id, user_id, study_format, group_id, created_at, type)
values (8, 28, 'OFFLINE', 3, '2024-4-12', 'STUDENT');
insert into students (id, user_id, study_format, group_id, created_at, type)
values (9, 29, 'OFFLINE', 3, '2024-4-12', 'STUDENT');
insert into students (id, user_id, study_format, group_id, created_at, type)
values (10, 30, 'ONLINE', 3, '2024-4-12', 'STUDENT');
insert into students (id, user_id, study_format, group_id, created_at, type)
values (11, 31, 'OFFLINE', 4, '2024-4-12', 'STUDENT');
insert into students (id, user_id, study_format, group_id, created_at, type)
values (12, 32, 'OFFLINE', 4, '2024-4-12', 'STUDENT');
insert into students (id, user_id, study_format, group_id, created_at, type)
values (13, 33, 'ONLINE', 4, '2024-4-12', 'STUDENT');
insert into students (id, user_id, study_format, group_id, created_at, type)
values (14, 34, 'OFFLINE', 4, '2024-4-12', 'STUDENT');
insert into students (id, user_id, study_format, group_id, created_at, type)
values (15, 35, 'OFFLINE', 5, '2024-4-12', 'STUDENT');
insert into students (id, user_id, study_format, group_id, created_at, type)
values (16, 36, 'OFFLINE', 5, '2024-4-12', 'STUDENT');
insert into students (id, user_id, study_format, group_id, created_at, type)
values (17, 37, 'OFFLINE', 5, '2024-4-12', 'STUDENT');
insert into students (id, user_id, study_format, group_id, created_at, type)
values (18, 38, 'ONLINE', 5, '2024-4-12', 'STUDENT');
insert into students (id, user_id, study_format, group_id, created_at, type)
values (19, 39, 'ONLINE', 5, '2024-4-12', 'STUDENT');
insert into students (id, user_id, study_format, group_id, created_at, type)
values (20, 40, 'ONLINE', 5, '2024-4-12', 'STUDENT');

insert into announcements (id, announcement_content, user_id, published_date, expiration_date, is_published) values (1, 'Valentijn', 1, '5/2/2024', '4/6/2024', 'true');
insert into announcements (id, announcement_content, user_id, published_date, expiration_date, is_published) values (2, 'Wayland', 2, '6/18/2023', '8/13/2023', 'true');
insert into announcements (id, announcement_content, user_id, published_date, expiration_date, is_published) values (3, 'Laverna', 3, '5/14/2024', '8/30/2023', 'true');
insert into announcements (id, announcement_content, user_id, published_date, expiration_date, is_published) values (4, 'Shelley', 4, '8/26/2023', '6/6/2024', 'true');
insert into announcements (id, announcement_content, user_id, published_date, expiration_date, is_published) values (5, 'Belicia', 5, '8/4/2023', '11/1/2023', 'false');
insert into announcements (id, announcement_content, user_id, published_date, expiration_date, is_published) values (6, 'Forest', 6, '3/26/2024', '11/16/2023', 'true');
insert into announcements (id, announcement_content, user_id, published_date, expiration_date, is_published) values (7, 'Kipp', 7, '11/26/2023', '2/25/2024', 'false');
insert into announcements (id, announcement_content, user_id, published_date, expiration_date, is_published) values (8, 'Vikki', 8, '11/30/2023', '9/14/2023', 'false');
insert into announcements (id, announcement_content, user_id, published_date, expiration_date, is_published) values (9, 'Charlotta', 9, '6/23/2023', '3/21/2024', 'true');
insert into announcements (id, announcement_content, user_id, published_date, expiration_date, is_published) values (10, 'Jesselyn', 10, '7/10/2023', '3/1/2024', 'true');
insert into announcements (id, announcement_content, user_id, published_date, expiration_date, is_published) values (11, 'Winny', 11, '10/11/2023', '6/11/2024', 'false');
insert into announcements (id, announcement_content, user_id, published_date, expiration_date, is_published) values (12, 'Margarethe', 12, '2/3/2024', '8/21/2023', 'true');
insert into announcements (id, announcement_content, user_id, published_date, expiration_date, is_published) values (13, 'Romy', 13, '9/27/2023', '5/21/2023', 'false');
insert into announcements (id, announcement_content, user_id, published_date, expiration_date, is_published) values (14, 'Birgit', 14, '12/20/2023', '12/7/2023', 'false');
insert into announcements (id, announcement_content, user_id, published_date, expiration_date, is_published) values (15, 'Pavel', 15, '9/25/2023', '6/22/2023', 'false');
insert into announcements (id, announcement_content, user_id, published_date, expiration_date, is_published) values (16, 'Justus', 16, '8/3/2023', '6/29/2023', 'true');
insert into announcements (id, announcement_content, user_id, published_date, expiration_date, is_published) values (17, 'Lilah', 17, '1/27/2024', '9/19/2023', 'false');
insert into announcements (id, announcement_content, user_id, published_date, expiration_date, is_published) values (18, 'Godard', 18, '8/14/2023', '5/26/2024', 'true');
insert into announcements (id, announcement_content, user_id, published_date, expiration_date, is_published) values (19, 'Gregorius', 19, '12/20/2023', '3/13/2024', 'true');
insert into announcements (id, announcement_content, user_id, published_date, expiration_date, is_published) values (20, 'Tandy', 20, '12/3/2023', '6/24/2023', 'true');

insert into announcements_groups (announcement_id, groups_id) values (1, 1);
insert into announcements_groups (announcement_id, groups_id) values (2, 2);
insert into announcements_groups (announcement_id, groups_id) values (3, 3);
insert into announcements_groups (announcement_id, groups_id) values (4, 4);
insert into announcements_groups (announcement_id, groups_id) values (5, 5);
insert into announcements_groups (announcement_id, groups_id) values (6, 6);
insert into announcements_groups (announcement_id, groups_id) values (7, 7);
insert into announcements_groups (announcement_id, groups_id) values (8, 8);
insert into announcements_groups (announcement_id, groups_id) values (9, 9);
insert into announcements_groups (announcement_id, groups_id) values (10, 10);
insert into announcements_groups (announcement_id, groups_id) values (11, 11);
insert into announcements_groups (announcement_id, groups_id) values (12, 12);
insert into announcements_groups (announcement_id, groups_id) values (13, 13);
insert into announcements_groups (announcement_id, groups_id) values (14, 14);
insert into announcements_groups (announcement_id, groups_id) values (15, 15);
insert into announcements_groups (announcement_id, groups_id) values (16, 16);
insert into announcements_groups (announcement_id, groups_id) values (17, 17);
insert into announcements_groups (announcement_id, groups_id) values (18, 18);
insert into announcements_groups (announcement_id, groups_id) values (19, 19);
insert into announcements_groups (announcement_id, groups_id) values (20, 20);

insert into comments (answer_task_id, id, user_id, created_at, content) values (1, 1, 1, '1/28/2024', 'исправь и занаво напиши');
insert into comments (answer_task_id, id, user_id, created_at, content) values (2, 2, 2, '9/8/2023', 'все правильно');
insert into comments (answer_task_id, id, user_id, created_at, content) values (3, 3, 3, '6/18/2023', 'перездача');
insert into comments (answer_task_id, id, user_id, created_at, content) values (4, 4, 4, '3/22/2024', 'отлично');
insert into comments (answer_task_id, id, user_id, created_at, content) values (5, 5, 5, '10/13/2023', 'молодец');
insert into comments (answer_task_id, id, user_id, created_at, content) values (6, 6, 6, '5/22/2023', 'не правильно');
insert into comments (answer_task_id, id, user_id, created_at, content) values (7, 7, 7, '2/1/2024', 'двойка за заданте');
insert into comments (answer_task_id, id, user_id, created_at, content) values (8, 8, 8, '12/12/2023', 'Требуется переработка.');
insert into comments (answer_task_id, id, user_id, created_at, content) values (9, 9, 9, '8/4/2023', 'Пожалуйста, исправьте недочеты.');
insert into comments (answer_task_id, id, user_id, created_at, content) values (10, 10, 10, '7/1/2023', 'Необходимо улучшить качество работы.');
insert into comments (answer_task_id, id, user_id, created_at, content) values (11, 11, 11, '12/25/2023', 'Рекомендую пересмотреть решение.');
insert into comments (answer_task_id, id, user_id, created_at, content) values (12, 12, 12, '5/31/2023', 'Прошу внимательнее проверить ответы.');
insert into comments (answer_task_id, id, user_id, created_at, content) values (13, 13, 13, '6/23/2023', 'Требуется дополнительное обучение для правильного выполнения задания.');
insert into comments (answer_task_id, id, user_id, created_at, content) values (14, 14, 14, '1/5/2024', 'Нужно больше усердия и внимания к деталям.');
insert into comments (answer_task_id, id, user_id, created_at, content) values (15, 15, 15, '1/1/2024', 'Нужно больше практики для успешного выполнения задания.');
insert into comments (answer_task_id, id, user_id, created_at, content) values (16, 16, 16, '5/18/2023', 'Пожалуйста, исправьте ошибки.');
insert into comments (answer_task_id, id, user_id, created_at, content) values (17, 17, 17, '3/9/2024', 'Работа выполнена не полностью, требуется доработка.');
insert into comments (answer_task_id, id, user_id, created_at, content) values (18, 18, 18, '3/5/2024', 'Необходимо больше усилий для правильного решения задания.');
insert into comments (answer_task_id, id, user_id, created_at, content) values (19, 19, 19, '10/17/2023', 'Попробуйте еще раз, обратите внимание на детали.');
insert into comments (answer_task_id, id, user_id, created_at, content) values (20, 20, 20, '7/18/2023', 'Требуется переработка решения задачи.');

insert into instructors (id, specialization, created_at, user_id, type)
values (1, 'java', '2024/04/07', 2, 'INSTRUCTOR');
insert into instructors (id, specialization, created_at, user_id, type)
values (2, 'javaScript', '2024/04/04', 3, 'INSTRUCTOR');
insert into instructors (id, specialization, created_at, user_id, type)
values (3, 'java', '2024/04/06', 20 , 'INSTRUCTOR');
insert into instructors (id, specialization, created_at, user_id, type)
values (4, 'java', '2024/04/07', 4, 'INSTRUCTOR');
insert into instructors (id, specialization, created_at, user_id, type)
values (5, 'java', '2024/04/05', 5, 'INSTRUCTOR');
insert into instructors (id, specialization, created_at, user_id, type)
values (6, 'java', '2024/04/07', 6, 'INSTRUCTOR');
insert into instructors (id, specialization, created_at, user_id, type)
values (7, 'javaScript', '2024/04/04', 7, 'INSTRUCTOR');
insert into instructors (id, specialization, created_at, user_id, type)
values (8, 'javaScript', '2024/04/06', 8, 'INSTRUCTOR');
insert into instructors (id, specialization, created_at, user_id, type)
values (9, 'javaScript', '2024/04/03', 9, 'INSTRUCTOR');
insert into instructors (id, specialization, created_at, user_id, type)
values (10, 'java', '2024/04/08', 10, 'INSTRUCTOR');
insert into instructors (id, specialization, created_at, user_id, type)
values (11, 'java', '2024/04/03', 11, 'INSTRUCTOR');
insert into instructors (id, "specialization", created_at, user_id, type)
values (12, 'flutter', '2024/04/05', 12, 'INSTRUCTOR');
insert into instructors (id, specialization, created_at, user_id, type)
values (13, 'java', '2024/04/03', 13, 'INSTRUCTOR');
insert into instructors (id, specialization, created_at, user_id, type)
values (14, 'javaScript', '2024/04/06', 14, 'INSTRUCTOR');
insert into instructors (id, specialization, created_at, user_id, type)
values (15, 'java', '2024/04/06', 15, 'INSTRUCTOR');
insert into instructors (id, specialization, created_at, user_id, type)
values (16, 'javaScript', '2024/04/05', 16, 'INSTRUCTOR');
insert into instructors (id, specialization, created_at, user_id, type)
values (17, 'flutter', '2024/04/05', 17, 'INSTRUCTOR');
insert into instructors (id, specialization, created_at, user_id, type)
values (18, 'javaScript', '2024/04/08', 18, 'INSTRUCTOR');
insert into instructors (id, specialization, created_at, user_id, type)
values (19, 'javaScript', '2024/04/04', 19, 'INSTRUCTOR');

insert into courses (id, title, date_of_start, date_of_end, description, image)
values (1, 'java1', '2024/04/08', '2025-04-09',
        'Dilation of Innominate Artery with Two Drug-eluting Intraluminal Devices, Open Approach',
        'https://letsenhance.io/static/73136da51c245e80edc6ccfe44888a99/1015f/MainBefore.jpg');
insert into courses (id, title, date_of_start, date_of_end, description, image)
values (2, 'java2', '2024/04/07', '2025-04-09', 'Immobilization of Left Toe using Brace',
        'https://encrypted-tbn0.gstatic.com/images?q=tbn:ANd9GcSuPaccZkFXezfBVR387VHZjZzrQiBwfvGFfQ3D-8akfg&s');
insert into courses (id, title, date_of_start, date_of_end, description, image)
values (3, 'java3', '2024/04/04', '2025-04-09', 'Release Right Patella, Percutaneous Endoscopic Approach',
        'https://encrypted-tbn0.gstatic.com/images?q=tbn:ANd9GcTMp2QN2WCx7VRAXuJme-AcdxJJeXRSM3obFhXX_uIKvQ&s');
insert into courses (id, title, date_of_start, date_of_end, description, image)
values (4, 'java4', '2024/04/06', '2025-04-09', 'Occlusion of Left Internal Mammary Artery, Percutaneous Approach',
        'https://buffer.com/cdn-cgi/image/w=1000,fit=contain,q=90,f=auto/library/content/images/size/w1200/2023/10/free-images.jpg');
insert into courses (id, title, date_of_start, date_of_end, description, image)
values (5, 'java5', '2024/04/07', '2025-04-09', 'Resection of Right Ethmoid Sinus, Percutaneous Endoscopic Approach',
        'https://th.bing.com/th/id/OIG3.5u5ZBGkvLQn1ELp4UqXH');
insert into courses (id, title, date_of_start, date_of_end, description, image)
values (6, 'java6', '2024/04/07', '2025-04-09',
        'Revision of Internal Fixation Device in Lumbar Vertebral Joint, Open Approach',
        'https://encrypted-tbn0.gstatic.com/images?q=tbn:ANd9GcR6H-wpoicibd_-GAWDXZUQGzX2kF3YeCwbJwikwdaq2Q&s');
insert into courses (id, title, date_of_start, date_of_end, description, image)
values (7, 'java7', '2024/04/04', '2025-04-09', 'Fragmentation in Spinal Canal, Percutaneous Approach',
        'https://encrypted-tbn0.gstatic.com/images?q=tbn:ANd9GcTEzQhMzN0sJnGfqdi2aHD7fzZWirfyYB1DoFc7EQPiUQ&s');
insert into courses (id, title, date_of_start, date_of_end, description, image)
values (8, 'java8', '2024/04/05', '2025-04-09',
        'Revision of Autologous Tissue Substitute in Lower Tendon, External Approach',
        'https://encrypted-tbn0.gstatic.com/images?q=tbn:ANd9GcTpgc_cKbN9Pv3B1jqcGn9xsfemr8GqTzf0-zSf857C6g&s');
insert into courses (id, title, date_of_start, date_of_end, description, image)
values (9, 'java9', '2024/04/06', '2025-04-09', 'Dilation of Left External Carotid Artery, Bifurcation, Open Approach',
        'https://www.befunky.com/images/prismic/1f427434-7ca0-46b2-b5d1-7d31843859b6_funky-focus-red-flower-field-after.jpeg?auto=avif,webp&format=jpg&width=863');
insert into courses (id, title, date_of_start, date_of_end, description, image)
values (10, 'java10', '2024/04/08', '2025-04-09',
        'Fusion of Right Acromioclavicular Joint with Synthetic Substitute, Percutaneous Endoscopic Approach',
        'https://imgv3.fotor.com/images/slider-image/Female-portrait-picture-enhanced-with-better-clarity-and-higher-quality-using-Fotors-free-online-AI-photo-enhancer.jpg');
insert into courses (id, title, date_of_start, date_of_end, description, image)
values (11, 'js1', '2024/04/05', '2025-04-09', 'Repair Right Innominate Vein, Percutaneous Endoscopic Approach',
        'https://www.industrialempathy.com/img/remote/ZiClJf-1920w.jpg');
insert into courses (id, title, date_of_start, date_of_end, description, image)
values (12, 'js2', '2024/04/03', '2025-04-09',
        'Bypass Ileum to Cutaneous with Synthetic Substitute, Percutaneous Endoscopic Approach',
        'https://cdn.pixabay.com/photo/2015/04/23/22/00/tree-736885_1280.jpg');
insert into courses (id, title, date_of_start, date_of_end, description, image)
values (13, 'js3', '2024/04/06', '2025-04-09',
        'Revision of Drainage Device in Tracheobronchial Tree, Percutaneous Endoscopic Approach',
        'https://d38b044pevnwc9.cloudfront.net/cutout-nuxt/enhancer/2-1.jpg');
insert into courses (id, title, date_of_start, date_of_end, description, image)
values (14, 'js4', '2024/04/07', '2025-04-09',
        'Removal of Synthetic Substitute from Right Carpal Joint, Percutaneous Approach',
        'https://encrypted-tbn0.gstatic.com/images?q=tbn:ANd9GcTAJgAcazteFajWtmai3-yIWcEnOe3OAv4sHRnGOkTqbw&s');
insert into courses (id, title, date_of_start, date_of_end, description, image)
values (15, 'js5', '2024/04/06', '2025-04-09', 'Supplement Vagina with Synthetic Substitute, External Approach',
        'https://encrypted-tbn0.gstatic.com/images?q=tbn:ANd9GcSIUJi5CEw00qVWc09cRI_tBYELCxFq1FAYO0h-9hfmMw&s');
insert into courses (id, title, date_of_start, date_of_end, description, image)
values (16, 'js6', '2024/04/07', '2025-04-09',
        'Bypass Coronary Artery, One Artery from Abdominal Artery with Autologous Arterial Tissue, Open Approach',
        'https://th.bing.com/th/id/OIG2.22q_EZ4f4J5zxiYkhzUi');
insert into courses (id, title, date_of_start, date_of_end, description, image)
values (17, 'js7', '2024/04/05', '2025-04-09', 'Excision of Right Foot, Open Approach, Diagnostic',
        'https://assets.monica.im/tools-web/static/imageGeneratorFeatureIntro1-AQU1zYPO.webp');
insert into courses (id, title, date_of_start, date_of_end, description, image)
values (18, 'js8', '2024/04/06', '2025-04-09', 'Drainage of Upper Vein, Percutaneous Approach, Diagnostic',
        'https://img-cdn.pixlr.com/image-generator/history/65772796905f29530816ea40/4ca9ba3d-c418-4153-a36a-77f4182236a7/medium.webp');
insert into courses (id, title, date_of_start, date_of_end, description, image)
values (19, 'js9', '2024/04/04', '2025-04-09',
        'Bypass Coronary Artery, Four or More Arteries from Coronary Artery with Autologous Arterial Tissue, Open Approach',
        'https://imgv3.fotor.com/images/blog-cover-image/Image-Upscaler-2.jpg');
insert into courses (id, title, date_of_start, date_of_end, description, image)
values (20, 'js10', '2024/04/06', '2025-04-09', 'Drainage of Sacrococcygeal Joint, Open Approach, Diagnostic',
        'https://plus.unsplash.com/premium_photo-1673306778968-5aab577a7365?q=80&w=1000&auto=format&fit=crop&ixlib=rb-4.0.3&ixid=M3wxMjA3fDB8MHxzZWFyY2h8MXx8YmFja2dyb3VuZCUyMGltYWdlfGVufDB8fDB8fHww');

insert into lessons (id, title, created_at, course_id)
values (1, 'java1', '2024/04/05', 1);
insert into lessons (id, title, created_at, course_id)
values (2, 'java2', '2024/04/06', 2);
insert into lessons (id, title, created_at, course_id)
values (3, 'java3', '2024/04/03', 3);
insert into lessons (id, title, created_at, course_id)
values (4, 'java4', '2024/04/03', 4);
insert into lessons (id, title, created_at, course_id)
values (5, 'java5', '2024/04/03', 5);
insert into lessons (id, title, created_at, course_id)
values (6, 'java6', '2024/04/07', 6);
insert into lessons (id, title, created_at, course_id)
values (7, 'java7', '2024/04/05', 7);
insert into lessons (id, title, created_at, course_id)
values (8, 'java8', '2024/04/07', 8);
insert into lessons (id, title, created_at, course_id)
values (9, 'java9', '2024/04/03', 9);
insert into lessons (id, title, created_at, course_id)
values (10, 'java10', '2024/04/08', 10);
insert into lessons (id, title, created_at, course_id)
values (11, 'js1', '2024/04/06', 11);
insert into lessons (id, title, created_at, course_id)
values (12, 'js2', '2024/04/07', 12);
insert into lessons (id, title, created_at, course_id)
values (13, 'js3', '2024/04/03', 13);
insert into lessons (id, title, created_at, course_id)
values (14, 'js4', '2024/04/06', 14);
insert into lessons (id, title, created_at, course_id)
values (15, 'js5', '2024/04/03', 15);
insert into lessons (id, title, created_at, course_id)
values (16, 'js6', '2024/04/04', 16);
insert into lessons (id, title, created_at, course_id)
values (17, 'js7', '2024/04/07', 17);
insert into lessons (id, title, created_at, course_id)
values (18, 'js8', '2024/04/05', 18);
insert into lessons (id, title, created_at, course_id)
values (19, 'js9', '2024/04/08', 19);
insert into lessons (id, title, created_at, course_id)
values (20, 'js10', '2024/04/03', 20);

insert into links (id, title, url)
values (1, 'java1', 'https://www.youtube.com/watch?v=vRM-3KrKmdg');
insert into links (id, title, url)
values (2, 'java2',
        'http://goodreads.com/dis.png?dis=eleifend&parturient=quam&montes=a&nascetur=odio&ridiculus=in&mus=hac&etiam=');
insert into links (id, title, url)
values (3, 'java3',
        'https://over-blog.com/ut/erat/curabitur.jsp?integer=nibh&a=in&nibh=quis&in=justo&quis=maecenas&justo=rhoncus&mae');
insert into links (id, title, url)
values (4, 'java4',
        'https://histats.com/aenean/fermentum.json?ante=proin&ipsum=leo&primis=odio&in=porttitor&faucibus=id&orci=consequat&luct');
insert into links (id, title, url)
values (5, 'java5',
        'https://friendfeed.com/id/nisl/venenatis/lacinia.js?aliquet=aliquam&pulvinar=erat&sed=volutpat&nisl=in&nunc=congue&rhoncus=etia');
insert into links (id, title, url)
values (6, 'java6',
        'https://discovery.com/eget/vulputate/ut.jpg?ut=nulla&rhoncus=dapibus&aliquet=dolor&pulvinar=vel&sed=est&nisl=donec&nunc');
insert into links (id, title, url)
values (7, 'java7',
        'https://tamu.edu/ligula/pellentesque.xml?nunc=dui&proin=vel&at=nisl&turpis=duis&a=ac&pede=nibh&posuere=fusce&nonummy=lacus&');
insert into links (id, title, url)
values (8, 'java8',
        'https://springer.com/eget/tincidunt/eget.png?sapien=morbi&varius=vestibulum&ut=velit&blandit=id&non=pretium&interdum=iac');
insert into links (id, title, url)
values (9, 'java9',
        'https://who.int/duis/bibendum/felis/sed/interdum/venenatis.html?luctus=cubilia&et=curae&ultrices=nulla&posuere=dapibus');
insert into links (id, title, url)
values (10, 'java10',
        'http://auda.org.au/nonummy.html?est=habitasse&lacinia=platea&nisi=dictumst&venenatis=morbi&tristique=vestibulum');
insert into links (id, title, url)
values (11, 'js1',
        'http://goodreads.com/ligula/suspendisse/ornare/consequat/lectus/in.jpg?arcu=justo&sed=aliquam&augue=quis&aliquam=turpis&erat=eget&volutpat=elit&in=sodales&congue=scelerisque&etiam=mauris&justo=sit&etiam=amet&pre');
insert into links (id, title, url)
values (12, 'js2',
        'http://jimdo.com/gravida/nisi/at/nibh/in.xml?ac=nisl&est=nunc&lacinia=nisl&nisi=duis&venenatis=bibendum&tristique=felis&fusce=sed&congue=interdum&diam=venenatis&id=turpis&ornare=enim&imperdiet=blandit&sapien=mi&urna=in&pretium=porttitor&nisl=pede&ut=justo');
insert into links (id, title, url)
values (13, 'js3',
        'https://smugmug.com/sed/vestibulum/sit/amet.html?feugiat=curae&non=donec&pretium=pharetra&quis=magna&lectus=vestibulum&suspendisse=aliqu');
insert into links (id, title, url)
values (14, 'js4',
        'http://engadget.com/volutpat/eleifend/donec/ut/dolor/morbi.html?est=faucibus&phasellus=orci&sit=luctus&amet=et&erat=ultrices&nulla=pos');
insert into links (id, title, url)
values (15, 'js5',
        'https://amazon.de/fringilla.xml?dui=fusce&vel=congue&sem=diam&sed=id&sagittis=ornare&nam=imperdiet&congue=sapien&risus=urna&semper=pretium&porta=nisl&volutpat=');
insert into links (id, title, url)
values (16, 'js6',
        'https://noaa.gov/nulla.html?volutpat=a&sapien=feugiat&arcu=et&sed=em&ut=erat&erat=volutpat&id=in&mauris=congue&vulputate=etiam&elementum=justo&nullam=etiam&varius=pretium');
insert into links (id, title, url)
values (17, 'js7', 'http://imdb.com/sed/accumsan/felis/ut/at/dolor/quis.json?mauris');
insert into links (id, title, url)
values (18, 'js8', 'https://cdc.gov/ac.html?morbi=ut&quis=massa&tortor=volutpat&id=convallis&nulla=morbi&ultrices');
insert into links (id, title, url)
values (19, 'js9',
        'https://archive.org/nulla/tellus.png?lectus=sed&suspendisse=justo&potenti=pellentesque&in=viverra&eleifend=pm=potenti');
insert into links (id, title, url)
values (20, 'js10',
        'http://tamu.edu/non/lectus/aliquam/sitis=diam&nam=id&congue=ornare&risus=imperdiet&semper=sapien&porta=urna&volutpat=pretium&quam=nisl&pede=ut&lobortis=volutpat&ligula=sapien&sit=arcu&amet=sed&eleifend=augue&pede=aliquam');

insert into tasks (id, lesson_id, created_at, deadline, code, description, file, image, title)
values (1, 1, '2024-04-09', '2024-05-09', '5051',
        'Displaced transverse fracture of shaft of right fibula, subsequent encounter for open fracture type IIIA, IIIB, or IIIC with nonunion',
        'Rhoncus.ppt', 'https://imageonline.co/image.jpg',
        'huffingtonpost.com');
insert into tasks (id, lesson_id, created_at, deadline, code, description, file, image, title)
values (2, 2, '2024-04-09', '2024-05-09', '6142', 'Major laceration of left vertebral artery, initial encounter',
        'InLectus.ppt', 'https://imgv3.fotor.com/images/slider-image/A-clear-image-of-a-woman-wearing-red-sharpened-by-Fotors-image-sharpener.jpg',
        'edublogs.org');
insert into tasks (id, lesson_id, created_at, deadline, code, description, file, image, title)
values (3, 3, '2024-04-09', '2024-05-09', '3562',
        'Cocaine dependence with cocaine-induced psychotic disorder, unspecified', 'AccumsanTellusNisi.xls',
        'https://encrypted-tbn0.gstatic.com/images?q=tbn:ANd9GcTIlXt3xYh782DbLEcDPzi_F9Qsg9DdkyKj3svvONZ7mw&s', 'joomla.org');
insert into tasks (id, lesson_id, created_at, deadline, code, description, file, image, title)
values (4, 4, '2024-04-09', '2024-05-09', '8343',
        'Nondisplaced Maisonneuve''s fracture of left leg, subsequent encounter for open fracture type IIIA, IIIB, or IIIC with nonunion',
        'NullaTellus.ppt', 'https://kinsta.com/wp-content/uploads/2020/08/tiger-jpg.jpg',
        'amazonaws.com');
insert into tasks (id, lesson_id, created_at, deadline, code, description, file, image, title)
values (5, 5, '2024-04-09', '2024-05-09', '7535', 'Strain of left Achilles tendon, sequela', 'Ut.doc',
        'https://us.123rf.com/450wm/shushanto/shushanto2209/shushanto220900703/191842443-destruction-of-planets-concept-art-illustration-background-image.jpg?ver=6', 'goo.gl');
insert into tasks (id, lesson_id, created_at, deadline, code, description, file, image, title)
values (6, 6, '2024-04-09', '2024-05-09', '4686',
        'Partial traumatic amputation at elbow level, unspecified arm, initial encounter', 'In.xls',
        'https://st2.depositphotos.com/2001755/8564/i/450/depositphotos_85647140-stock-photo-beautiful-landscape-with-birds.jpg', 'jigsy.com');
insert into tasks (id, lesson_id, created_at, deadline, code, description, file, image, title)
values (7, 7, '2024-04-09', '2024-05-09', '5141', 'Other biomechanical lesions of lumbar region', 'AliquetUltrices.avi',
        'https://d3phaj0sisr2ct.cloudfront.net/site/images/tools/thumbnails/reviewed/Text+to+image.png', 'illinois.edu');
insert into tasks (id, lesson_id, created_at, deadline, code, description, file, image, title)
values (8, 8, '2024-04-09', '2024-05-09', '8876',
        'Coma scale, best motor response, extension, 24 hours or more after hospital admission', 'Pretium.ppt',
        'https://sb.kaleidousercontent.com/67418/992x558/7632960ff9/people.png', 'cdbaby.com');
insert into tasks (id, lesson_id, created_at, deadline, code, description, file, image, title)
values (9, 9, '2024-04-09', '2024-05-09', '7739', 'Encounter for fitting and adjustment of urinary device',
        'Pharetra.xls', 'https://www.w3schools.com/css/img_5terre.jpg',
        'bing.com');
insert into tasks (id, lesson_id, created_at, deadline, code, description, file, image, title)
values (10, 10, '2024-04-09', '2024-05-09', '7703',
        'Infection and inflammatory reaction due to internal fixation device of right femur, subsequent encounter',
        'MaurisSit.gif', 'https://encrypted-tbn0.gstatic.com/images?q=tbn:ANd9GcQlWEEVChepJhYZUuhJBdBaM-DUaPH4P3hujYDTdIWeAg&s',
        'shutterfly.com');
insert into tasks (id, lesson_id, created_at, deadline, code, description, file, image, title)
values (11, 11, '2024-04-09', '2024-05-09', '3241', 'Other fracture of shaft of left ulna', 'SemFusce.avi',
        'https://live.staticflickr.com/7151/6760135001_58b1c5c5f0_b.jpg', 'fastcompany.com');
insert into tasks (id, lesson_id, created_at, deadline, code, description, file, image, title)
values (12, 12, '2024-04-09', '2024-05-09', '674', 'Contusion of unspecified great toe with damage to nail, sequela',
        'IntegerAliquet.doc', 'https://d3phaj0sisr2ct.cloudfront.net/site/images/tools/thumbnails/reviewed/upscale+image.png',
        'twitter.com');
insert into tasks (id, lesson_id, created_at, deadline, code, description, file, image, title)
values (13, 13, '2024-04-09', '2024-05-09', '9143',
        'Unspecified fracture of shaft of unspecified fibula, subsequent encounter for closed fracture with nonunion',
        'Arcu.ppt', 'https://pe-images.s3.amazonaws.com/type/effects/image-in-text/new/hawaii.jpg',
        'google.co.jp');
insert into tasks (id, lesson_id, created_at, deadline, code, description, file, image, title)
values (14, 14, '2024-04-09', '2024-05-09', '8892', 'Displaced spiral fracture of shaft of unspecified femur',
        'EuMi.xls', 'https://media.gettyimages.com/id/1215119911/photo/looking-directly-up-at-the-skyline-of-the-financial-district-in-central-london-stock-image.jpg?s=612x612&w=gi&k=20&c=rIsNW_iVWpfHt77QBOI40_0bz8ea3XetPsy0kplL2FQ=',
        'google.com.br');
insert into tasks (id, lesson_id, created_at, deadline, code, description, file, image, title)
values (15, 15, '2024-04-09', '2024-05-09', '9435', 'Poisoning by heroin, undetermined, sequela',
        'SuspendisseOrnareConsequat.avi',
        'https://www.befunky.com/images/prismic/e4fc976f-9ab9-4e52-85b0-072d58657fa2_photo-editor-mobile-hero.png?auto=avif,webp&format=jpg&width=529', 'amazon.co.uk');
insert into tasks (id, lesson_id, created_at, deadline, code, description, file, image, title)
values (16, 16, '2024-04-09', '2024-05-09', '1162',
        'Unspecified fracture of shaft of right fibula, subsequent encounter for open fracture type I or II with nonunion',
        'EuEstCongue.mov', 'https://encrypted-tbn0.gstatic.com/images?q=tbn:ANd9GcRZCLtbjemyXY7sPGa0IxQinc2KcyXrT3nDmPErDZmiXQ&s',
        'fastcompany.com');
insert into tasks (id, lesson_id, created_at, deadline, code, description, file, image, title)
values (17, 17, '2024-04-09', '2024-05-09', '5831',
        'Poisoning by cardiac-stimulant glycosides and drugs of similar action, assault, initial encounter',
        'SuspendissePotentiIn.png',
        'https://encrypted-tbn0.gstatic.com/images?q=tbn:ANd9GcSfOQm7IxOZ-buCKzgGJ2WO46UI0yANewN1YgWN8O4MMA&s', 'imageshack.us');
insert into tasks (id, lesson_id, created_at, deadline, code, description, file, image, title)
values (18, 18, '2024-04-09', '2024-05-09', '9461',
        'Poisoning by unspecified antipsychotics and neuroleptics, intentional self-harm, subsequent encounter',
        'MagnaBibendumImperdiet.mp3',
        'https://media.wired.com/photos/65382632fd3d190c7a1f5c68/master/pass/Google-Image-Search-news-Gear-GettyImages-824179306.jpg', 'desdev.cn');
insert into tasks (id, lesson_id, created_at, deadline, code, description, file, image, title)
values (19, 19, '2024-04-09', '2024-05-09', '5539', 'Spastic entropion of left upper eyelid', 'LacusPurus.jpeg',
        'https://st.depositphotos.com/1057668/4156/i/450/depositphotos_41568091-stock-photo-seljalandfoss-waterfall.jpg', 'jalbum.net');
insert into tasks (id, lesson_id, created_at, deadline, code, description, file, image, title)
values (20, 20, '2024-04-09', '2024-05-09', '8104', 'Abrasion of right elbow, initial encounter', 'Id.jpeg',
        'https://images.pexels.com/photos/11499392/pexels-photo-11499392.jpeg?auto=compress&cs=tinysrgb&dpr=1&w=500', 'virginia.edu');

insert into videos (id, created_at, description)
values (1, '2024-04-09', 'Unspecified injury of unspecified external jugular vein, initial encounter');
insert into videos (id, created_at, description)
values (2, '2024-04-09',
        'Unspecified physeal fracture of lower end of ulna, unspecified arm, subsequent encounter for fracture with delayed healing');
insert into videos (id, created_at, description)
values (3, '2024-04-09', 'Family history of malignant neoplasm of urinary tract');
insert into videos (id, created_at, description)
values (4, '2024-04-09', 'Toxic effect of contact with other jellyfish, intentional self-harm, initial encounter');
insert into videos (id, created_at, description)
values (5, '2024-04-09', 'Poisoning by mixed antiepileptics, undetermined');
insert into videos (id, created_at, description)
values (6, '2024-04-09', 'Other specified injury of intercostal blood vessels, left side');
insert into videos (id, created_at, description)
values (7, '2024-04-09', 'Poisoning by smallpox vaccines, undetermined');
insert into videos (id, created_at, description)
values (8, '2024-04-09',
        'Military operations involving unintentional restriction of air and airway, military personnel, sequela');
insert into videos (id, created_at, description)
values (9, '2024-04-09', 'Trigger finger, little finger');
insert into videos (id, created_at, description)
values (10, '2024-04-09', 'Pathological fracture in neoplastic disease, right humerus, sequela');
insert into videos (id, created_at, description)
values (11, '2024-04-09', 'Injury of bladder');
insert into videos (id, created_at, description)
values (12, '2024-04-09',
        'Poisoning by keratolytics, keratoplastics, and other hair treatment drugs and preparations, intentional self-harm');
insert into videos (id, created_at, description)
values (13, '2024-04-09', 'Glaucoma with increased episcleral venous pressure, right eye');
insert into videos (id, created_at, description)
values (14, '2024-04-09', 'Displacement of cystostomy catheter');
insert into videos (id, created_at, description)
values (15, '2024-04-09', 'Fracture of alveolus of right mandible, sequela');
insert into videos (id, created_at, description)
values (16, '2024-04-09', 'Nondisplaced fracture of neck of unspecified radius, initial encounter for closed fracture');
insert into videos (id, created_at, description)
values (17, '2024-04-09', 'Nondisplaced fracture of posterior column [ilioischial] of right acetabulum');
insert into videos (id, created_at, description)
values (18, '2024-04-09', 'Anterior subluxation of right ulnohumeral joint, sequela');
insert into videos (id, created_at, description)
values (19, '2024-04-09',
        'Laceration of extensor muscle, fascia and tendon of right middle finger at wrist and hand level, subsequent encounter');
insert into videos (id, created_at, description)
values (20, '2024-04-09', 'Lateral subluxation of proximal end of tibia, unspecified knee');

insert into presentations (id, created_at, description, file, title)
values (1, '2023-10-18', 'Other contact with pig', 'AcTellus.avi', 'Interior Live Oak');
insert into presentations (id, created_at, description, file, title)
values (2, '2023-10-02',
        'Displaced fracture of shaft of first metacarpal bone, unspecified hand, initial encounter for open fracture',
        'PorttitorLorem.xls', 'Ray Goldenweed');
insert into presentations (id, created_at, description, file, title)
values (3, '2023-09-02', 'Toxic effect of other tobacco and nicotine, intentional self-harm, sequela',
        'SedAccumsan.png', 'Globe Fimbry');
insert into presentations (id, created_at, description, file, title)
values (4, '2023-12-16', 'Other long term (current) drug therapy', 'PlaceratAnteNulla.avi', 'Texan Gumweed');
insert into presentations (id, created_at, description, file, title)
values (5, '2023-12-25', 'Toxic effect of lead and its compounds, assault', 'ScelerisqueQuam.avi',
        'White Doll''s Daisy');
insert into presentations (id, created_at, description, file, title)
values (6, '2024-01-14', 'Abrasion of unspecified external genital organs, male, subsequent encounter',
        'VitaeConsectetuerEget.gif', 'Tungoil Tree');
insert into presentations (id, created_at, description, file, title)
values (7, '2024-01-01', 'Injury of other nerves at shoulder and upper arm level', 'SedVel.mp3',
        'Straightbeak Buttercup');
insert into presentations (id, created_at, description, file, title)
values (8, '2023-09-04',
        'Strain of muscle and tendon of long extensor muscle of toe at ankle and foot level, unspecified foot',
        'VivamusMetus.xls', 'Longpod Stitchwort');
insert into presentations (id, created_at, description, file, title)
values (9, '2023-05-26', 'Salter-Harris Type I physeal fracture of left calcaneus', 'TellusInSagittis.mp3',
        'Bog Korthal Mistletoe');
insert into presentations (id, created_at, description, file, title)
values (10, '2023-06-02',
        'Unspecified fracture of left patella, subsequent encounter for open fracture type I or II with routine healing',
        'Pharetra.gif', 'Beckwith''s Milkvetch');
insert into presentations (id, created_at, description, file, title)
values (11, '2023-05-15', 'Rheumatoid arthritis of hand with involvement of other organs and systems',
        'CondimentumNequeSapien.mpeg', 'Platanillo');
insert into presentations (id, created_at, description, file, title)
values (12, '2023-08-10',
        'Nondisplaced fracture of medial condyle of left femur, subsequent encounter for open fracture type IIIA, IIIB, or IIIC with delayed healing',
        'NonummyMaecenas.mp3', 'Horehound');
insert into presentations (id, created_at, description, file, title)
values (13, '2023-09-16', 'Poisoning by sulfonamides, undetermined, subsequent encounter', 'Ut.mp3',
        'Canary Island Date Palm');
insert into presentations (id, created_at, description, file, title)
values (14, '2023-05-06', 'Cutaneous chromomycosis', 'TemporConvallis.ppt', 'Hairy False Goldenaster');
insert into presentations (id, created_at, description, file, title)
values (15, '2023-08-24', 'Calcium deposit in bursa, left wrist', 'Turpis.mp3', 'Arizona White Oak');
insert into presentations (id, created_at, description, file, title)
values (16, '2023-12-23',
        'Other fracture of lower end of right ulna, subsequent encounter for closed fracture with delayed healing',
        'NuncDonec.png', 'Elegant Mariposa Lily');
insert into presentations (id, created_at, description, file, title)
values (17, '2024-01-31',
        'Displaced comminuted fracture of left patella, subsequent encounter for closed fracture with routine healing',
        'Pede.txt', 'Crabseye');
insert into presentations (id, created_at, description, file, title)
values (18, '2024-01-13', 'Corrosion of first degree of right upper arm, initial encounter', 'Non.tiff',
        'Shortleaf Crabgrass');
insert into presentations (id, created_at, description, file, title)
values (19, '2023-07-01', 'Toxic effect of carbon monoxide from unspecified source', 'LobortisConvallis.mov',
        'Cylinder Jointtail Grass');
insert into presentations (id, created_at, description, file, title)
values (20, '2024-02-03', 'Crushing injury of right thigh', 'MorbiNonQuam.xls', 'Swamp Paperbark');

insert into lessons_presentations (lesson_id, presentations_id)
values (1, 1);
insert into lessons_presentations (lesson_id, presentations_id)
values (1, 2);
insert into lessons_presentations (lesson_id, presentations_id)
values (1, 3);
insert into lessons_presentations (lesson_id, presentations_id)
values (2, 4);
insert into lessons_presentations (lesson_id, presentations_id)
values (2, 5);
insert into lessons_presentations (lesson_id, presentations_id)
values (3, 6);
insert into lessons_presentations (lesson_id, presentations_id)
values (4, 7);
insert into lessons_presentations (lesson_id, presentations_id)
values (4, 8);
insert into lessons_presentations (lesson_id, presentations_id)
values (5, 9);
insert into lessons_presentations (lesson_id, presentations_id)
values (6, 10);
insert into lessons_presentations (lesson_id, presentations_id)
values (7, 11);
insert into lessons_presentations (lesson_id, presentations_id)
values (8, 12);
insert into lessons_presentations (lesson_id, presentations_id)
values (9, 13);
insert into lessons_presentations (lesson_id, presentations_id)
values (10, 14);
insert into lessons_presentations (lesson_id, presentations_id)
values (10, 15);
insert into lessons_presentations (lesson_id, presentations_id)
values (11, 16);
insert into lessons_presentations (lesson_id, presentations_id)
values (11, 17);
insert into lessons_presentations (lesson_id, presentations_id)
values (12, 18);
insert into lessons_presentations (lesson_id, presentations_id)
values (13, 19);
insert into lessons_presentations (lesson_id, presentations_id)
values (14, 20);

insert into lessons_videos (lesson_id, videos_id)
values (1, 1);
insert into lessons_videos (lesson_id, videos_id)
values (1, 2);
insert into lessons_videos (lesson_id, videos_id)
values (2, 3);
insert into lessons_videos (lesson_id, videos_id)
values (3, 4);
insert into lessons_videos (lesson_id, videos_id)
values (4, 5);
insert into lessons_videos (lesson_id, videos_id)
values (5, 6);
insert into lessons_videos (lesson_id, videos_id)
values (7, 7);
insert into lessons_videos (lesson_id, videos_id)
values (8, 8);
insert into lessons_videos (lesson_id, videos_id)
values (9, 9);
insert into lessons_videos (lesson_id, videos_id)
values (10, 10);
insert into lessons_videos (lesson_id, videos_id)
values (11, 11);
insert into lessons_videos (lesson_id, videos_id)
values (12, 12);
insert into lessons_videos (lesson_id, videos_id)
values (13, 13);
insert into lessons_videos (lesson_id, videos_id)
values (14, 14);
insert into lessons_videos (lesson_id, videos_id)
values (15, 15);
insert into lessons_videos (lesson_id, videos_id)
values (16, 16);
insert into lessons_videos (lesson_id, videos_id)
values (17, 17);
insert into lessons_videos (lesson_id, videos_id)
values (18, 18);
insert into lessons_videos (lesson_id, videos_id)
values (19, 19);
insert into lessons_videos (lesson_id, videos_id)
values (6, 20);

insert into tests (id, lesson_id, is_active, creation_date, title,hour,minute)
values (1, 1, 'FALSE', '2024-04-26',
        'vestibulum ante ipsum primis in faucibus orci luctus et ultrices posuere cubilia curae',1,20);
insert into tests (id, lesson_id, is_active, creation_date, title,hour,minute)
values (2, 2, 'FALSE', '2024-05-01',
        'felis sed interdum venenatis turpis enim blandit mi in porttitor pede justo eu massa donec dapibus duis at velit eu',1,20);
insert into tests (id, lesson_id, is_active, creation_date, title,hour,minute)
values (3, 3, 'TRUE', '2024-04-20', 'nullam porttitor lacus at turpis donec posuere metus vitae ipsum aliquam',1,20);
insert into tests (id, lesson_id, is_active, creation_date, title,hour,minute)
values (4, 4, 'FALSE', '2024-04-15',
        'in faucibus orci luctus et ultrices posuere cubilia curae mauris viverra diam vitae quam',1,20);
insert into tests (id, lesson_id, is_active, creation_date, title,hour,minute)
values (5, 5, 'FALSE', '2024-05-08',
        'nulla elit ac nulla sed vel enim sit amet nunc viverra dapibus nulla suscipit ligula in',1,20);
insert into tests (id, lesson_id, is_active, creation_date, title,hour,minute)
values (6, 6, 'FALSE', '2024-04-14', 'ligula nec sem duis aliquam convallis nunc proin at turpis a pede',1,20);
insert into tests (id, lesson_id, is_active, creation_date, title,hour,minute)
values (7, 7, 'FALSE', '2024-04-11', 'vulputate ut ultrices vel augue vestibulum ante ipsum primis in',1,20);
insert into tests (id, lesson_id, is_active, creation_date, title,hour,minute)
values (8, 8, 'FALSE', '2024-04-15',
        'habitasse platea dictumst aliquam augue quam sollicitudin vitae consectetuer eget rutrum at',1,20);
insert into tests (id, lesson_id, is_active, creation_date, title,hour,minute)
values (9, 9, 'FALSE', '2024-05-06', 'blandit lacinia erat vestibulum sed magna at nunc commodo placerat',1,20);
insert into tests (id, lesson_id, is_active, creation_date, title,hour,minute)
values (10, 10, 'TRUE', '2024-04-17',
        'sed tincidunt eu felis fusce posuere felis sed lacus morbi sem mauris laoreet ut rhoncus aliquet pulvinar sed nisl nunc',1,20);
insert into tests (id, lesson_id, is_active, creation_date, title,hour,minute)
values (11, 11, 'TRUE', '2024-04-30', 'in sapien iaculis congue vivamus metus arcu adipiscing molestie hendrerit at',1,20);
insert into tests (id, lesson_id, is_active, creation_date, title,hour,minute)
values (12, 12, 'FALSE', '2024-04-22',
        'platea dictumst aliquam augue quam sollicitudin vitae consectetuer eget rutrum at lorem integer',1,20);
insert into tests (id, lesson_id, is_active, creation_date, title,hour,minute)
values (13, 13, 'FALSE', '2024-04-27',
        'eget orci vehicula condimentum curabitur in libero ut massa volutpat convallis morbi odio odio elementum',1,20);
insert into tests (id, lesson_id, is_active, creation_date, title,hour,minute)
values (14, 14, 'FALSE', '2024-04-24',
        'penatibus et magnis dis parturient montes nascetur ridiculus mus etiam vel augue vestibulum rutrum rutrum neque aenean auctor',1,20);
insert into tests (id, lesson_id, is_active, creation_date, title,hour,minute)
values (15, 15, 'TRUE', '2024-04-30',
        'ligula in lacus curabitur at ipsum ac tellus semper interdum mauris ullamcorper purus',1,20);
insert into tests (id, lesson_id, is_active, creation_date, title,hour,minute)
values (16, 16, 'TRUE', '2024-04-27',
        'cras mi pede malesuada in imperdiet et commodo vulputate justo in blandit ultrices enim lorem ipsum dolor sit amet',1,20);
insert into tests (id, lesson_id, is_active, creation_date, title,hour,minute)
values (17, 17, 'TRUE', '2024-04-27',
        'nam nulla integer pede justo lacinia eget tincidunt eget tempus vel pede morbi porttitor lorem',1,20);
insert into tests (id, lesson_id, is_active, creation_date, title,hour,minute)
values (18, 18, 'TRUE', '2024-04-22',
        'in hac habitasse platea dictumst aliquam augue quam sollicitudin vitae consectetuer eget rutrum at lorem integer tincidunt',1,20);
insert into tests (id, lesson_id, is_active, creation_date, title,hour,minute)
values (19, 19, 'TRUE', '2024-04-11',
        'penatibus et magnis dis parturient montes nascetur ridiculus mus etiam vel augue vestibulum',1,20);
insert into tests (id, lesson_id, is_active, creation_date, title,hour,minute)
values (20, 20, 'FALSE', '2024-05-08',
        'in imperdiet et commodo vulputate justo in blandit ultrices enim lorem ipsum dolor sit amet consectetuer adipiscing elit proin interdum',1,20);

insert into questions (id, test_id, question_type, title)
values (1, 1, 'MULTIPLE', 'Legal Assistant');
insert into questions (id, test_id, question_type, title)
values (2, 1, 'SINGLE', 'Systems Administrator IV');
insert into questions (id, test_id, question_type, title)
values (3, 1, 'MULTIPLE', 'Teacher');
insert into questions (id, test_id, question_type, title)
values (4, 2, 'MULTIPLE', 'Nurse Practicioner');
insert into questions (id, test_id, question_type, title)
values (5, 2, 'MULTIPLE', 'Operator');
insert into questions (id, test_id, question_type, title)
values (6, 2, 'MULTIPLE', 'Executive Secretary');
insert into questions (id, test_id, question_type, title)
values (7, 3, 'MULTIPLE', 'Media Manager II');
insert into questions (id, test_id, question_type, title)
values (8, 3, 'MULTIPLE', 'Technical Writer');
insert into questions (id, test_id, question_type, title)
values (9, 3, 'MULTIPLE', 'VP Marketing');
insert into questions (id, test_id, question_type, title)
values (10, 4, 'SINGLE', 'Health Coach IV');
insert into questions (id, test_id, question_type, title)
values (11, 4, 'SINGLE', 'Assistant Manager');
insert into questions (id, test_id, question_type, title)
values (12, 4, 'SINGLE', 'Marketing Assistant');
insert into questions (id, test_id, question_type, title)
values (13, 5, 'SINGLE', 'Account Coordinator');
insert into questions (id, test_id, question_type, title)
values (14, 5, 'SINGLE', 'Help Desk Operator');
insert into questions (id, test_id, question_type, title)
values (15, 5, 'SINGLE', 'VP Quality Control');
insert into questions (id, test_id, question_type, title)
values (16, 6, 'SINGLE', 'Developer III');
insert into questions (id, test_id, question_type, title)
values (17, 6, 'SINGLE', 'Social Worker');
insert into questions (id, test_id, question_type, title)
values (18, 6, 'SINGLE', 'Payment Adjustment Coordinator');
insert into questions (id, test_id, question_type, title)
values (19, 7, 'SINGLE', 'Account Representative IV');
insert into questions (id, test_id, question_type, title)
values (20, 7, 'SINGLE', 'Paralegal');
insert into questions (id, test_id, question_type, title,point)
values (1, 1, 'MULTIPLE', 'Legal Assistant',10);
insert into questions (id, test_id, question_type, title,point)
values (2, 2, 'MULTIPLE', 'Systems Administrator IV',10);
insert into questions (id, test_id, question_type, title,point)
values (3, 3, 'MULTIPLE', 'Teacher',10);
insert into questions (id, test_id, question_type, title,point)
values (4, 4, 'MULTIPLE', 'Nurse Practicioner',10);
insert into questions (id, test_id, question_type, title,point)
values (5, 5, 'MULTIPLE', 'Operator',10);
insert into questions (id, test_id, question_type, title,point)
values (6, 6, 'MULTIPLE', 'Executive Secretary',10);
insert into questions (id, test_id, question_type, title,point)
values (7, 7, 'MULTIPLE', 'Media Manager II',10);
insert into questions (id, test_id, question_type, title,point)
values (8, 8, 'MULTIPLE', 'Technical Writer',10);
insert into questions (id, test_id, question_type, title,point)
values (9, 9, 'MULTIPLE', 'VP Marketing',10);
insert into questions (id, test_id, question_type, title,point)
values (10, 10, 'SINGLE', 'Health Coach IV',10);
insert into questions (id, test_id, question_type, title,point)
values (11, 11, 'SINGLE', 'Assistant Manager',10);
insert into questions (id, test_id, question_type, title,point)
values (12, 12, 'SINGLE', 'Marketing Assistant',10);
insert into questions (id, test_id, question_type, title,point)
values (13, 13, 'SINGLE', 'Account Coordinator',10);
insert into questions (id, test_id, question_type, title,point)
values (14, 14, 'SINGLE', 'Help Desk Operator',10);
insert into questions (id, test_id, question_type, title,point)
values (15, 15, 'SINGLE', 'VP Quality Control',10);
insert into questions (id, test_id, question_type, title,point)
values (16, 16, 'SINGLE', 'Developer III',10);
insert into questions (id, test_id, question_type, title,point)
values (17, 17, 'SINGLE', 'Social Worker',10);
insert into questions (id, test_id, question_type, title,point)
values (18, 18, 'SINGLE', 'Payment Adjustment Coordinator',10);
insert into questions (id, test_id, question_type, title,point)
values (19, 19, 'SINGLE', 'Account Representative IV',10);
insert into questions (id, test_id, question_type, title,point)
values (20, 20, 'SINGLE', 'Paralegal',10);

insert into options (id, is_true, question_id, option)
values (1, 'TRUE', 1, 'edu');
insert into options (id, is_true, question_id, option)
values (2, 'FALSE', 1, 'edu');
insert into options (id, is_true, question_id, option)
values (3, 'TRUE', 1, 'net');
insert into options (id, is_true, question_id, option)
values (4, 'FALSE', 1, 'edu');
insert into options (id, is_true, question_id, option)
values (5, 'FALSE', 2, 'gov');
insert into options (id, is_true, question_id, option)
values (6, 'FALSE', 2, 'name');
insert into options (id, is_true, question_id, option)
values (7, 'FALSE', 2, 'name');
insert into options (id, is_true, question_id, option)
values (8, 'TRUE', 2, 'name');
insert into options (id, is_true, question_id, option)
values (9, 'FALSE', 3, 'edu');
insert into options (id, is_true, question_id, option)
values (10, 'FALSE', 3, 'com');
insert into options (id, is_true, question_id, option)
values (11, 'TRUE', 3, 'org');
insert into options (id, is_true, question_id, option)
values (12, 'TRUE', 3, 'org');
insert into options (id, is_true, question_id, option)
values (13, 'TRUE', 4, 'info');
insert into options (id, is_true, question_id, option)
values (14, 'TRUE', 4, 'org');
insert into options (id, is_true, question_id, option)
values (15, 'TRUE', 4, 'biz');
insert into options (id, is_true, question_id, option)
values (16, 'FALSE', 4, 'biz');
insert into options (id, is_true, question_id, option)
values (17, 'TRUE', 5, 'biz');
insert into options (id, is_true, question_id, option)
values (18, 'TRUE', 5, 'mil');
insert into options (id, is_true, question_id, option)
values (19, 'TRUE', 5, 'name');
insert into options (id, is_true, question_id, option)
values (20, 'FALSE', 5, 'net');

insert into answer_tasks (id, student_id, task_answer_status, date_of_send, task_id, text, file, image,point)
values (1, 1, 'LATE', '2024-04-12', 1,
        'orci nullam molestie nibh in lectus pellentesque at nulla suspendisse potenti cras in purus eu magna vulputate luctus',
        'vehicula condimentum curabitur in libero ut massa volutpat convallis morbi',
        'justo nec condimentum neque sapien placerat ante nulla justo aliquam quis turpis eget elit sodales scelerisque mauris sit',0);
insert into answer_tasks (id, student_id, task_answer_status, date_of_send, task_id, text, file, image,point)
values (2, 2, 'REJECTED', '2024-04-15', 2, 'suspendisse ornare consequat lectus in est risus auctor sed tristique in',
        'nulla suspendisse potenti cras in purus eu magna vulputate luctus cum sociis',
        'habitasse platea dictumst aliquam augue quam sollicitudin vitae consectetuer eget rutrum at lorem integer tincidunt ante vel ipsum',0);
insert into answer_tasks (id, student_id, task_answer_status, date_of_send, task_id, text, file, image,point)
values (4, 4, 'ACCEPTED', '2024-04-11', 4,
        'quisque erat eros viverra eget congue eget semper rutrum nulla nunc purus phasellus in felis donec',
        'sit amet eleifend pede libero quis orci nullam molestie nibh in lectus pellentesque at nulla suspendisse potenti cras in purus',
        'scelerisque mauris sit amet eros suspendisse accumsan tortor quis turpis sed ante vivamus tortor',0);
insert into answer_tasks (id, student_id, task_answer_status, date_of_send, task_id, text, file, image,point)
values (5, 5, 'LATE', '2024-04-11', 5,
        'aliquet maecenas leo odio condimentum id luctus nec molestie sed justo pellentesque viverra pede ac diam cras pellentesque',
        'non pretium quis lectus suspendisse potenti in eleifend quam a',
        'velit id pretium iaculis diam erat fermentum justo nec condimentum neque sapien placerat ante nulla justo',0);
insert into answer_tasks (id, student_id, task_answer_status, date_of_send, task_id, text, file, image,point)
values (6, 6, 'REJECTED', '2024-04-13', 6,
        'nibh in hac habitasse platea dictumst aliquam augue quam sollicitudin vitae consectetuer eget rutrum at lorem integer',
        'in eleifend quam a odio in hac habitasse platea dictumst maecenas ut massa',
        'duis consequat dui nec nisi volutpat eleifend donec ut dolor morbi vel lectus in quam fringilla rhoncus mauris',0);
insert into answer_tasks (id, student_id, task_answer_status, date_of_send, task_id, text, file, image,point)
values (7, 7, 'LATE', '2024-04-22', 7,
        'vestibulum rutrum rutrum neque aenean auctor gravida sem praesent id massa id nisl venenatis lacinia aenean sit amet justo',
        'eleifend quam a odio in hac habitasse platea dictumst maecenas ut massa quis augue luctus tincidunt nulla mollis',
        'eu sapien cursus vestibulum proin eu mi nulla ac enim',0);
insert into answer_tasks (id, student_id, task_answer_status, date_of_send, task_id, text, file, image,point)
values (8, 8, 'REJECTED', '2024-04-19', 8,
        'nec condimentum neque sapien placerat ante nulla justo aliquam quis turpis eget elit sodales scelerisque mauris sit amet',
        'morbi non quam nec dui luctus rutrum nulla tellus in sagittis dui vel',
        'ut odio cras mi pede malesuada in imperdiet et commodo vulputate justo in blandit ultrices enim lorem ipsum dolor',0);
insert into answer_tasks (id, student_id, task_answer_status, date_of_send, task_id, text, file, image,point)
values (9, 9, 'WAITING', '2024-04-10', 9, 'tellus semper interdum mauris ullamcorper purus sit amet nulla quisque arcu',
        'vel nisl duis ac nibh fusce lacus purus aliquet at feugiat non pretium quis lectus suspendisse potenti in eleifend quam',
        'ut volutpat sapien arcu sed augue aliquam erat volutpat in congue etiam justo etiam pretium iaculis',0);
insert into answer_tasks (id, student_id, task_answer_status, date_of_send, task_id, text, file, image,point)
values (10, 10, 'ACCEPTED', '2024-04-29', 10,
        'augue vel accumsan tellus nisi eu orci mauris lacinia sapien quis libero nullam sit amet',
        'purus eu magna vulputate luctus cum sociis natoque penatibus et magnis dis parturient montes nascetur ridiculus mus vivamus',
        'sapien varius ut blandit non interdum in ante vestibulum ante ipsum primis in',0);
insert into answer_tasks (id, student_id, task_answer_status, date_of_send, task_id, text, file, image,point)
values (11, 11, 'LATE', '2024-04-15', 11,
        'in faucibus orci luctus et ultrices posuere cubilia curae duis faucibus accumsan odio',
        'erat volutpat in congue etiam justo etiam pretium iaculis justo in hac habitasse',
        'adipiscing elit proin risus praesent lectus vestibulum quam sapien varius',0);
insert into answer_tasks (id, "student_id", task_answer_status, date_of_send, task_id, text, file, image,point)
values (12, 12, 'WAITING', '2024-04-30', 12,
        'volutpat quam pede lobortis ligula sit amet eleifend pede libero quis orci nullam molestie nibh in',
        'justo in hac habitasse platea dictumst etiam faucibus cursus urna ut tellus nulla ut erat id mauris',
        'nisi eu orci mauris lacinia sapien quis libero nullam sit amet turpis elementum ligula vehicula consequat morbi a ipsum',0);
insert into answer_tasks (id, student_id, task_answer_status, date_of_send, task_id, text, file, image,point)
values (13, 13, 'LATE', '2024-04-17', 13,
        'ipsum primis in faucibus orci luctus et ultrices posuere cubilia curae mauris viverra diam',
        'platea dictumst maecenas ut massa quis augue luctus tincidunt nulla mollis molestie lorem quisque ut erat curabitur',
        'est risus auctor sed tristique in tempus sit amet sem fusce consequat nulla nisl nunc',0);
insert into answer_tasks (id, student_id, task_answer_status, date_of_send, task_id, text, file, image,point)
values (14, 14, 'ACCEPTED', '2024-05-07', 14,
        'ac est lacinia nisi venenatis tristique fusce congue diam id ornare imperdiet sapien',
        'etiam justo etiam pretium iaculis justo in hac habitasse platea dictumst etiam',
        'convallis tortor risus dapibus augue vel accumsan tellus nisi eu orci',9);
insert into answer_tasks (id, student_id, task_answer_status, date_of_send, task_id, text, file, image,point)
values (15, 15, 'REJECTED', '2024-04-22', 15,
        'orci luctus et ultrices posuere cubilia curae donec pharetra magna vestibulum aliquet ultrices erat tortor sollicitudin mi sit amet lobortis',
        'velit nec nisi vulputate nonummy maecenas tincidunt lacus at velit vivamus vel nulla',
        'nunc commodo placerat praesent blandit nam nulla integer pede justo lacinia eget',7);
insert into answer_tasks (id, student_id, task_answer_status, date_of_send, task_id, text, file, image,point)
values (16, 16, 'REJECTED', '2024-05-07', 16,
        'mauris ullamcorper purus sit amet nulla quisque arcu libero rutrum ac lobortis vel dapibus at',
        'rutrum rutrum neque aenean auctor gravida sem praesent id massa id nisl venenatis lacinia aenean sit amet justo morbi ut',
        'morbi porttitor lorem id ligula suspendisse ornare consequat lectus in est risus auctor',9);
insert into answer_tasks (id, student_id, task_answer_status, date_of_send, task_id, text, file, image,point)
values (17, 17, 'ACCEPTED', '2024-04-18', 17, 'dolor vel est donec odio justo sollicitudin ut suscipit a',
        'suspendisse potenti in eleifend quam a odio in hac habitasse platea dictumst maecenas',
        'a feugiat et eros vestibulum ac est lacinia nisi venenatis tristique',7);
insert into answer_tasks (id, student_id, task_answer_status, date_of_send, task_id, text, file, image,point)
values (18, 18, 'WAITING', '2024-04-28', 18, 'vestibulum rutrum rutrum neque aenean auctor gravida sem praesent id',
        'tincidunt eget tempus vel pede morbi porttitor lorem id ligula suspendisse ornare consequat lectus in est',
        'ut erat id mauris vulputate elementum nullam varius nulla facilisi cras non velit nec',5);
insert into answer_tasks (id, student_id, task_answer_status, date_of_send, task_id, text, file, image,point)
values (19, 19, 'LATE', '2024-04-30', 19, 'sapien cursus vestibulum proin eu mi nulla ac enim in tempor turpis nec',
        'elementum pellentesque quisque porta volutpat erat quisque erat eros viverra eget congue eget semper',
        'at turpis donec posuere metus vitae ipsum aliquam non mauris morbi non lectus aliquam sit',0);
insert into answer_tasks (id, student_id, task_answer_status, date_of_send, task_id, text, file, image,point)
values (20, 20, 'WAITING', '2024-04-18', 20, 'in felis donec semper sapien a libero nam dui proin leo odio porttitor',
        'ut massa quis augue luctus tincidunt nulla mollis molestie lorem quisque ut erat curabitur gravida nisi at nibh',
        'adipiscing elit proin risus praesent lectus vestibulum quam sapien varius ut blandit non interdum in ante vestibulum ante',0);

insert into result_tests (id, test_id, creation_date, student_id, point)
values (1, 1, '2024-04-16', 1, 5);
insert into result_tests (id, test_id, creation_date, student_id, point)
values (2, 2, '2024-05-08', 2, 1);
insert into result_tests (id, test_id, creation_date, student_id, point)
values (3, 3, '2024-05-04', 3, 4);
insert into result_tests (id, test_id, creation_date, student_id, point)
values (4, 4, '2024-04-20', 4, 5);
insert into result_tests (id, test_id, creation_date, student_id, point)
values (5, 5, '2024-04-19', 5, 8);
insert into result_tests (id, test_id, creation_date, student_id, point)
values (6, 6, '2024-04-14', 6, 3);
insert into result_tests (id, test_id, creation_date, student_id, point)
values (7, 7, '2024-05-04', 7, 9);
insert into result_tests (id, test_id, creation_date, student_id, point)
values (8, 8, '2024-04-19', 8, 7);
insert into result_tests (id, test_id, creation_date, student_id, point)
values (9, 9, '2024-04-14', 9, 2);
insert into result_tests (id, test_id, creation_date, student_id, point)
values (10, 10, '2024-05-04', 10, 1);
insert into result_tests (id, test_id, creation_date, student_id, point)
values (11, 11, '2024-04-21', 11, 9);
insert into result_tests (id, test_id, creation_date, student_id, point)
values (12, 12, '2024-04-23', 12, 8);
insert into result_tests (id, test_id, creation_date, student_id, point)
values (13, 13, '2024-04-26', 13, 9);
insert into result_tests (id, test_id, creation_date, student_id, point)
values (14, 14, '2024-05-07', 14, 8);
insert into result_tests (id, test_id, creation_date, student_id, point)
values (15, 15, '2024-04-27', 15, 3);
insert into result_tests (id, test_id, creation_date, student_id, point)
values (16, 16, '2024-04-19', 16, 4);
insert into result_tests (id, test_id, creation_date, student_id, point)
values (17, 17, '2024-05-01', 17, 10);
insert into result_tests (id, test_id, creation_date, student_id, point)
values (18, 18, '2024-04-15', 18, 7);
insert into result_tests (id, test_id, creation_date, student_id, point)
values (19, 19, '2024-04-20', 19, 6);
insert into result_tests (id, test_id, creation_date, student_id, point)
values (20, 20, '2024-04-10', 20, 10);

insert into notifications (id, created_at, description, title, task_id)
values (1, '2023-08-01',
        'Nondisplaced fracture of first metatarsal bone, left foot, subsequent encounter for fracture with malunion',
        'Rosary Snoutbean', 1);
insert into notifications (id, created_at, description, title, task_id)
values (2, '2023-12-27', 'Contact with other nonpowered hand tool, initial encounter', 'Pacific Lovegrass', 2);
insert into notifications (id, created_at, description, title, task_id)
values (3, '2023-12-25', 'Complete physeal arrest, right proximal tibia', 'Spiritweed', 3);
insert into notifications (id, created_at, description, title, task_id)
values (4, '2023-09-13', 'Cannabis dependence with psychotic disorder with hallucinations',
        'Luquillo Mountain Babyboot Orchid', 4);
insert into notifications (id, created_at, description, title, task_id)
values (5, '2024-02-07', 'Other snow-ski accident', 'Spring Phacelia', 5);
insert into notifications (id, created_at, description, title, task_id)
values (6, '2023-08-27', 'Total perforations of tympanic membrane, bilateral', 'Heath False Brome', 6);
insert into notifications (id, created_at, description, title, task_id)
values (7, '2024-03-04', 'Complete lesion at C7 level of cervical spinal cord, sequela', 'Barundi Dropseed', 7);
insert into notifications (id, created_at, description, title, task_id)
values (8, '2023-09-28', 'Dislocation of unspecified thoracic vertebra, sequela', 'American Hazelnut', 8);
insert into notifications (id, created_at, description, title, task_id)
values (9, '2024-01-12',
        'Other displaced fracture of base of first metacarpal bone, right hand, initial encounter for open fracture',
        'Sierra Stonecrop', 9);
insert into notifications (id, created_at, description, title, task_id)
values (10, '2024-02-04', 'Pneumonia due to other specified bacteria', 'Showy Alpine Ragwort', 10);
insert into notifications (id, created_at, description, title, task_id)
values (11, '2024-04-04', 'Exposure to high air pressure from rapid descent in water', 'Mat Prickly Phlox', 11);
insert into notifications (id, created_at, description, title, task_id)
values (12, '2023-10-09',
        'Nondisplaced fracture of capitate [os magnum] bone, unspecified wrist, subsequent encounter for fracture with delayed healing',
        'Pacific Lecidea Lichen', 12);
insert into notifications (id, created_at, description, title, task_id)
values (13, '2024-02-26',
        'Military operations involving other destruction of aircraft, military personnel, initial encounter',
        'Sierra Stonecrop', 13);
insert into notifications (id, created_at, description, title, task_id)
values (14, '2023-11-30', 'Obstructed labor due to malposition and malpresentation, unspecified',
        'Dwarf Russian Almond', 14);
insert into notifications (id, created_at, description, title, task_id)
values (15, '2023-09-19', 'Neoplasm of uncertain behavior of right ureter', 'Matted Lichen', 15);
insert into notifications (id, created_at, description, title, task_id)
values (16, '2023-12-10', 'Poisoning by butyrophenone and thiothixene neuroleptics, intentional self-harm, sequela',
        'Shameplant', 16);
insert into notifications (id, created_at, description, title, task_id)
values (17, '2023-11-04',
        'Unspecified fracture of head of left femur, subsequent encounter for open fracture type I or II with malunion',
        'Flame Orchid', 17);
insert into notifications (id, created_at, description, title, task_id)
values (18, '2023-10-26',
        'Car driver injured in collision with heavy transport vehicle or bus in nontraffic accident, sequela',
        'Patagonia Mountain Leatherpetal', 18);
insert into notifications (id, created_at, description, title, task_id)
values (19, '2023-09-28',
        'Kidney dialysis as the cause of abnormal reaction of the patient, or of later complication, without mention of misadventure at the time of the procedure',
        'Big Chickweed', 19);
insert into notifications (id, created_at, description, title, task_id)
values (20, '2023-05-09', 'Other specified pregnancy related conditions, unspecified trimester', 'Melaspilea Lichen',
        20);

insert into result_tests_options (result_test_id, options_id)
values (1, 1);
insert into result_tests_options (result_test_id, options_id)
values (1, 2);
insert into result_tests_options (result_test_id, options_id)
values (2, 3);
insert into result_tests_options (result_test_id, options_id)
values (2, 4);
insert into result_tests_options (result_test_id, options_id)
values (3, 5);
insert into result_tests_options (result_test_id, options_id)
values (4, 6);
insert into result_tests_options (result_test_id, options_id)
values (5, 7);
insert into result_tests_options (result_test_id, options_id)
values (6, 8);
insert into result_tests_options (result_test_id, options_id)
values (7, 9);
insert into result_tests_options (result_test_id, options_id)
values (8, 10);
insert into result_tests_options (result_test_id, options_id)
values (8, 11);
insert into result_tests_options (result_test_id, options_id)
values (9, 12);
insert into result_tests_options (result_test_id, options_id)
values (10, 13);
insert into result_tests_options (result_test_id, options_id)
values (11, 14);
insert into result_tests_options (result_test_id, options_id)
values (12, 15);
insert into result_tests_options (result_test_id, options_id)
values (13, 16);
insert into result_tests_options (result_test_id, options_id)
values (14, 17);
insert into result_tests_options (result_test_id, options_id)
values (15, 18);
insert into result_tests_options (result_test_id, options_id)
values (16, 19);
insert into result_tests_options (result_test_id, options_id)
values (17, 20);

insert into courses_groups (courses_id, groups_id)
values (1, 1);
insert into courses_groups (courses_id, groups_id)
values (2, 2);
insert into courses_groups (courses_id, groups_id)
values (3, 3);
insert into courses_groups (courses_id, groups_id)
values (4, 4);
insert into courses_groups (courses_id, groups_id)
values (5, 5);
insert into courses_groups (courses_id, groups_id)
values (6, 6);
insert into courses_groups (courses_id, groups_id)
values (7, 7);
insert into courses_groups (courses_id, groups_id)
values (8, 8);
insert into courses_groups (courses_id, groups_id)
values (9, 9);
insert into courses_groups (courses_id, groups_id)
values (10, 10);
insert into courses_groups (courses_id, groups_id)
values (11, 11);
insert into courses_groups (courses_id, groups_id)
values (12, 12);
insert into courses_groups (courses_id, groups_id)
values (13, 13);
insert into courses_groups (courses_id, groups_id)
values (14, 14);
insert into courses_groups (courses_id, groups_id)
values (15, 15);
insert into courses_groups (courses_id, groups_id)
values (16, 16);
insert into courses_groups (courses_id, groups_id)
values (17, 17);
insert into courses_groups (courses_id, groups_id)
values (18, 18);
insert into courses_groups (courses_id, groups_id)
values (19, 19);
insert into courses_groups (courses_id, groups_id)
values (20, 20);

insert into instructors_courses(courses_id, instructors_id)
values (1, 1);
insert into instructors_courses(courses_id, instructors_id)
values (2, 2);
insert into instructors_courses(courses_id, instructors_id)
values (3, 3);
insert into instructors_courses(courses_id, instructors_id)
values (4, 4);
insert into instructors_courses(courses_id, instructors_id)
values (4, 3);
insert into instructors_courses(courses_id, instructors_id)
values (5, 1);
insert into instructors_courses(courses_id, instructors_id)
values (6, 6);
insert into instructors_courses(courses_id, instructors_id)
values (7, 7);
insert into instructors_courses(courses_id, instructors_id)
values (8, 8);
insert into instructors_courses(courses_id, instructors_id)
values (9, 9);
insert into instructors_courses(courses_id, instructors_id)
values (8, 10);
insert into instructors_courses(courses_id, instructors_id)
values (10, 10);
insert into instructors_courses(courses_id, instructors_id)
values (11, 11);
insert into instructors_courses(courses_id, instructors_id)
values (12, 12);
insert into instructors_courses(courses_id, instructors_id)
values (13, 13);
insert into instructors_courses(courses_id, instructors_id)
values (13, 14);


update links
set video_id =1
where id = 1;
update links
set lesson_id =2
where id = 2;
update links
set lesson_id =3
where id = 3;
update links
set lesson_id =4
where id = 4;
update links
set lesson_id =5
where id = 5;
update links
set lesson_id =6
where id = 6;
update links
set lesson_id =7
where id = 7;
update links
set video_id =8
where id = 8;
update links
set video_id =9
where id = 9;
update links
set lesson_id =10
where id = 10;
update links
set video_id =11
where id = 11;
update links
set lesson_id =12
where id = 12;

insert into student_notification_states (notification_states, notification_states_key, student_id)
values ('FALSE', 1, 1);
insert into student_notification_states (notification_states, notification_states_key, student_id)
values ('FALSE', 2, 2);
insert into student_notification_states (notification_states, notification_states_key, student_id)
values ('FALSE', 3, 3);
insert into student_notification_states (notification_states, notification_states_key, student_id)
values ('FALSE', 4, 4);
insert into student_notification_states (notification_states, notification_states_key, student_id)
values ('FALSE', 5, 5);
insert into student_notification_states (notification_states, notification_states_key, student_id)
values ('FALSE', 6, 6);
insert into instructor_notification_states (notification_states, notification_states_key, instructor_id)
values ('FALSE', 7, 1);
insert into instructor_notification_states (notification_states, notification_states_key, instructor_id)
values ('TRUE', 8, 2);
insert into instructor_notification_states (notification_states, notification_states_key, instructor_id)
values ('FALSE', 9, 3);
insert into instructor_notification_states (notification_states, notification_states_key, instructor_id)
values ('FALSE', 10, 4);



